age_rating,app_name,app_size,copy_right,in_app_purchases,lang,num_reviews,price,review_ratings,seller_name,version
9+,Pokémon GO,255.5 MB,Infrequent/Mild Cartoon or Fantasy Violence,"100 PokéCoins,$0.99,550 PokéCoins,$4.99,1,200 PokéCoins,$9.99","English, French, German, Italian, Japanese, Korean, Portuguese, Spanish, Traditional Chinese",77.1K Ratings,"
                    ,
                  ,Free,Offers In-App Purchases",3.9,"Niantic, Inc.",Version 1.81.3
4+,Solitaire·,44.2 MB,© 2017 Zynga Inc,,"English, Danish, Dutch, Finnish, French, German, Greek, Italian, Japanese, Korean, Norwegian Bokmål, Portuguese, Russian, Simplified Chinese, Spanish, Swedish, Traditional Chinese, Turkish",410.3K Ratings,"
                    #1 in Card
                  ,
                    ,
                  ,Free",4.6,Zynga Inc.,Version 4.5.9
4+,Angry Birds 2,575.2 MB,© Rovio Entertainment Corporation,"Pile of gems,$0.99,Precious pouch of gems,$4.99,Blue's Bling!,$5.99","English, French, German, Italian, Japanese, Korean, Portuguese, Russian, Simplified Chinese, Spanish, Traditional Chinese, Turkish",250.6K Ratings,"
                    #17 in Puzzle
                  ,
                    ,
                  ,Free,Offers In-App Purchases",4.7,Rovio Entertainment Oyj,Version 2.21.1
4+,PAC-MAN,103.9 MB,©2017 BANDAI NAMCO Entertainment Inc.,"MAZE: PAC-MAN CLASSIC,$4.99,Spoon of Tokens,$1.99,NO ADS FOREVER,$0.99","English, French, German, Italian, Japanese, Korean, Portuguese, Russian, Simplified Chinese, Spanish",5.7K Ratings,"
                    #9 in Family
                  ,
                    ,
                  ,Free,Offers In-App Purchases",4.3,BANDAI NAMCO Entertainment America Inc.,Version 6.6.3
4+,Candy Crush Soda Saga,182.7 MB,© King.com Limited 2014-2018. All rights reserved.,"XS Gold Bar package,$0.99,Hard Currency XS,$0.99,Hard Currency XS,$1.99","English, Chinese, Japanese, Korean, Simplified Chinese, Traditional Chinese",34.1K Ratings,"
                    #37 in Puzzle
                  ,
                    ,
                  ,Free,Offers In-App Purchases",4.5,King,Version 1.118.4
4+,Sonic Dash,170.9 MB,"© SEGA All rights reserved. SEGA, the SEGA logo, SONIC THE HEDGEHOG and Sonic Dash are either registered trade marks or trade marks of SEGA Holdings Co., Ltd. or its affiliates.","BREEZE BUNDLE,$3.99,BOOSTER BUNDLE,$6.99,RED STAR RING STACK,$3.99","English, French, German, Italian, Portuguese, Russian, Spanish",28.8K Ratings,"
                    #77 in Action
                  ,
                    ,
                  ,Free,Offers In-App Purchases",4.5,SEGA,Version 3.8.5
12+,ROBLOX,131.3 MB,Infrequent/Mild Cartoon or Fantasy Violence,"80 ROBUX,$0.99,800 ROBUX,$9.99,400 ROBUX,$4.99","English, French, German, Indonesian, Italian, Japanese, Korean, Portuguese, Russian, Simplified Chinese, Spanish, Thai, Traditional Chinese, Turkish, Vietnamese",268.5K Ratings,"
                    #4 in Adventure
                  ,
                    ,
                  ,Free,Offers In-App Purchases",4.5,Roblox Corporation,Version 2.346.222214
4+,Cooking Fever,103.4 MB,© Nordcurrent,"Diner Pack,$0.99,Bistro Pack,$2.99,Buffet Pack,$4.99","English, French, German, Indonesian, Italian, Japanese, Korean, Lithuanian, Malay, Polish, Portuguese, Russian, Simplified Chinese, Spanish",45.9K Ratings,"
                    #2 in Strategy
                  ,
                    ,
                  ,Free,Offers In-App Purchases",4.5,Nordcurrent,Version 2.8.0
9+,Crossy Road,126.2 MB,Infrequent/Mild Profanity or Crude Humor,"PAC-MAN,Free,Fortune Chicken,$0.99,Festive Chicken,$0.99","English, Arabic, French, German, Indonesian, Italian, Japanese, Korean, Portuguese, Russian, Simplified Chinese, Spanish, Traditional Chinese",109K Ratings,"
                    #5 in Family
                  ,
                    ,
                  ,Free,Offers In-App Purchases",4.6,HIPSTER WHALE,Version 3.1.2
9+,Clash Royale,128.6 MB,Infrequent/Mild Cartoon or Fantasy Violence,"Pouch of Gems,$4.99,Fistful of Gems,$0.99,Bucket of Gems,$9.99","English, Arabic, Dutch, French, German, Italian, Japanese, Korean, Norwegian Bokmål, Portuguese, Russian, Simplified Chinese, Spanish, Traditional Chinese, Turkish",550.1K Ratings,"
                    #7 in Strategy
                  ,
                    ,
                  ,Free,Offers In-App Purchases",4.7,Supercell,Version 2.3.1
12+,The Sims™ FreePlay,855.5 MB,"Infrequent/Mild Alcohol, Tobacco, or Drug Use or References","Life Point Lotus,$0.99,Handful of Life Points,$2.99,Handful of Simoleons,$4.99","English, Dutch, French, German, Italian, Japanese, Korean, Portuguese, Russian, Simplified Chinese, Spanish, Traditional Chinese",66.8K Ratings,"
                    #15 in Adventure
                  ,
                    ,
                  ,Free,Offers In-App Purchases",4.6,Electronic Arts,Version 5.39.1
12+,Episode - Choose Your Story,174.7 MB,Infrequent/Mild Mature/Suggestive Themes,"Medium Pack of Gems,$1.99,Large Pack of Gems,$4.99,Medium Pack of Passes,$1.99",English,602.9K Ratings,"
                    #1 in Role Playing
                  ,
                    ,
                  ,Free,Offers In-App Purchases",4.7,Episode Interactive,Version 8.92
4+,Piano Tiles 2™,126.8 MB,© cheetah technology corporation limited,"10 DIAMONDS,$0.99,53 DIAMONDS,$4.99,110 Diamonds,$9.99","English, Arabic, French, German, Indonesian, Italian, Japanese, Korean, Malay, Portuguese, Russian, Simplified Chinese, Spanish, Thai, Traditional Chinese, Turkish, Vietnamese",24.4K Ratings,"
                    #2 in Music
                  ,
                    ,
                  ,Free,Offers In-App Purchases",4.6,Cheetah Technology Corporation Limited,Version 3.5.0
9+,Jetpack Joyride,138.5 MB,Infrequent/Mild Cartoon or Fantasy Violence,"Coin Booster Pack (20,000),$1.99,Coin Doubler,$4.99,Coin Ultra Pack (100,000),$5.99","English, French, German, Italian, Japanese, Korean, Portuguese, Russian, Simplified Chinese, Spanish, Traditional Chinese",8.3K Ratings,"
                    #61 in Action
                  ,
                    ,
                  ,Free,Offers In-App Purchases",4.5,Halfbrick Studios,Version 1.11.2
12+,Fortnite,144.1 MB,Frequent/Intense Cartoon or Fantasy Violence,"1000 V-Bucks,$9.99,2500 (+300 Bonus) V-Bucks,$24.99,Wingman Starter Pack,$4.99",English,2.2M Ratings,"
                    #1 in Adventure
                  ,
                    ,
                  ,Free,Offers In-App Purchases",4.6,Epic Games,Version 5.1.1
4+,Rolling Sky,176.3 MB,© cheetah technology corporation limited,"Upgrade,$1.99,10 superhearts,$1.99,500 Balls,$0.99","English, Arabic, Dutch, French, German, Italian, Japanese, Korean, Russian, Simplified Chinese, Spanish, Traditional Chinese",13.3K Ratings,"
                    #5 in Board
                  ,
                    ,
                  ,Free,Offers In-App Purchases",4.3,Cheetah Technology Corporation Limited,Version 1.9.0.1
12+,Turbo Dismount®,352.2 MB,Frequent/Intense Cartoon or Fantasy Violence,"Premium unlock,$5.99,Speed & Style,$0.99,Mighty Pedals,$0.99",English,2.7K Ratings,"
                    #90 in Simulation
                  ,
                    ,
                  ,Free,Offers In-App Purchases",4.5,Secret Exit Ltd.,Version 1.32.0
9+,Faily Brakes,256.5 MB,Infrequent/Mild Cartoon or Fantasy Violence,"The Beast,$1.99,The Jerry,$1.99,The Dom,$1.99","English, Czech, Danish, French, German, Indonesian, Italian, Japanese, Korean, Norwegian, Portuguese, Russian, Simplified Chinese, Spanish, Swedish, Thai, Traditional Chinese, Vietnamese",723 Ratings,"
                    ,
                  ,Free,Offers In-App Purchases",4.2,Spunge Games Pty Ltd,Version 8.2
17+,Modern Combat 5,1.4 GB,Frequent/Intense Mature/Suggestive Themes,"Captain's Pay,$4.99,Colonel's Savings,$9.99,General's Cut,$19.99","English, Arabic, French, German, Indonesian, Italian, Japanese, Korean, Portuguese, Russian, Simplified Chinese, Spanish, Thai, Traditional Chinese, Turkish",73.1K Ratings,"
                    #23 in Adventure
                  ,
                    ,
                  ,Free,Offers In-App Purchases",4.7,Gameloft,Version 4.2.2
12+,The Sims™ Mobile,117 MB,Infrequent/Mild Cartoon or Fantasy Violence,"Wallet of SimCash,$4.99,Stack of SimCash,$9.99,SimCash Helping Hand 1,$0.99","English, Danish, Dutch, Finnish, French, German, Italian, Norwegian, Polish, Portuguese, Russian, Spanish, Swedish, Turkish",253.1K Ratings,"
                    #4 in Simulation
                  ,
                    ,
                  ,Free,Offers In-App Purchases",4.7,Electronic Arts,Version 11.1.0
4+,Traffic Rider,244.1 MB,© 2015 Soner Kara,"20,000 cash,$1.99,Starter Kit,$6.99,Key,$1.99","English, Danish, Dutch, French, German, Hungarian, Indonesian, Italian, Japanese, Korean, Polish, Portuguese, Romanian, Russian, Simplified Chinese, Spanish, Swedish, Turkish",4.2K Ratings,"
                    #38 in Racing
                  ,
                    ,
                  ,Free,Offers In-App Purchases",4.5,Soner Kara,Version 1.45
4+,PinOut!,118.7 MB,© Mediocre AB,"PinOut Premium,$2.99","English, French, German, Italian, Japanese, Korean, Portuguese, Russian, Simplified Chinese, Spanish, Traditional Chinese, Turkish",4.9K Ratings,"
                    ,
                  ,Free,Offers In-App Purchases",4.2,Mediocre AB,Version 1.0.2
4+,Soccer Stars™,113.4 MB,© Miniclip Games,"Stack of Coins,$1.99,Stack of Bucks,$1.99,Golden Spin,$0.99","English, French, German, Italian, Portuguese, Russian, Simplified Chinese, Spanish, Turkish",32.8K Ratings,"
                    #60 in Sports
                  ,
                    ,
                  ,Free,Offers In-App Purchases",4.7,Miniclip.com,Version 4.0.2
4+,PAC-MAN 256 - Endless Arcade Maze,145.4 MB,©BANDAI NAMCO Entertainment Inc.,"Classic 80's Theme,$0.99,Welcome Pack,$0.99,Unlimited Credits,$4.99","English, Arabic, French, German, Italian, Japanese, Portuguese, Russian, Simplified Chinese, Spanish, Traditional Chinese",4.8K Ratings,"
                    ,
                  ,Free,Offers In-App Purchases",4.6,BANDAI NAMCO Entertainment Europe,Version 2.0.3
4+,Pop the Lock,39.5 MB,"© 2015, Simple Machine, LLC","Remove Ads,$1.99",English,2.9K Ratings,"
                    #179 in Puzzle
                  ,
                    ,
                  ,Free,Offers In-App Purchases",4.2,"Simple Machine, LLC",Version 2.0.1
4+,Pet Shop Story™,132.9 MB,"© 2016 Storm8 Studios, LLC","24 Gems,$4.99,9 Gems,$1.99,24 Gems,$3.99",English,957 Ratings,"
                    #144 in Adventure
                  ,
                    ,
                  ,Free,Offers In-App Purchases",4.1,Storm8 Studios,Version 1.1.5
12+,Summoners War,60.4 MB,Frequent/Intense Cartoon or Fantasy Violence,"Pile of Crystals,$9.99,Handfull of Crystals,$2.99,Sack of Crystals,$19.99","English, Arabic, French, German, Indonesian, Italian, Japanese, Korean, Portuguese, Russian, Simplified Chinese, Spanish, Thai, Traditional Chinese, Turkish, Vietnamese",7.8K Ratings,"
                    #83 in Strategy
                  ,
                    ,
                  ,Free,Offers In-App Purchases",4,Com2uS Corp.,Version 4.0.1
12+,Twisty Arrow!,101.5 MB,Infrequent/Mild Mature/Suggestive Themes,"Remove Banner and Game Over Ad,$2.99",English,110.1K Ratings,"
                    #4 in Music
                  ,
                    ,
                  ,Free,Offers In-App Purchases",4.6,tastypill,Version 1.9
4+,Family Feud® 2,127.4 MB,© 2014 Ludia Inc. All rights reserved. © FremantleMedia Operations B.V. All rights reserved. Licensed by FremantleMedia.,"Tiny pack of coins,$1.99,Jackpot Spin,$0.99,Medium pack of coins,$4.99",English,3.3K Ratings,"
                    #28 in Trivia
                  ,
                    ,
                  ,Free,Offers In-App Purchases",3.8,Ludia,Version 1.12.2
4+,Disney Emoji Blitz,388.9 MB,© 2016 Disney. © 2016 Disney/Pixar,"Gem Pack 1,$1.99,Gem Pack 2,$4.99,Gem Pack 3,$10.99","English, Chinese, French, German, Italian, Korean, Portuguese, Russian, Spanish, Traditional Chinese",45K Ratings,"
                    #49 in Puzzle
                  ,
                    ,
                  ,Free,Offers In-App Purchases",4.7,Disney,Version 21.2.0
12+,Stack Jump,189.3 MB,Infrequent/Mild Medical/Treatment Information,"Remove Ads,$2.99",English,192.9K Ratings,"
                    #25 in Action
                  ,
                    ,
                  ,Free,Offers In-App Purchases",4.6,Voodoo,Version 1.4.6
4+,Home Design Story,259.5 MB,© 2015 TeamLava LLC,"120 gems,$4.99,20 Gems,$0.99,120 Gems,$3.99",English,2.1K Ratings,"
                    #90 in Adventure
                  ,
                    ,
                  ,Free,Offers In-App Purchases",4,Storm8 Studios,Version 1.0.9
12+,Granny,220.8 MB,Frequent/Intense Horror/Fear Themes,,English,31.3K Ratings,"
                    #17 in Arcade
                  ,
                    ,
                  ,Free",4.5,Dennis Vukanovic,Version 1.4
12+,Stupid Zombies,106 MB,Frequent/Intense Cartoon or Fantasy Violence,"5 Air Strikes,$0.99,100 Air Strikes,$3.99,10 Air Strikes,$1.99",English,24.5K Ratings,"
                    ,
                  ,Free,Offers In-App Purchases",4.8,GameResort LLC,Version 2.0.4
4+,Fashion Story™,113.1 MB,"© 2011 TeamLava, LLC","24 Gems,$4.99,50 Gems,$9.99,24 Gems,$3.99",English,1.6K Ratings,"
                    #162 in Adventure
                  ,
                    ,
                  ,Free,Offers In-App Purchases",4,Storm8 Studios,Version 1.5.5
17+,Zombie Frontier 3: Sniper FPS,172.2 MB,Frequent/Intense Realistic Violence,"Starter Pack,$1.99,Gems Pack I,$4.99,Gems Pack III,$19.99",English,3.6K Ratings,"
                    #55 in Adventure
                  ,
                    ,
                  ,Free,Offers In-App Purchases",4.4,Feelingtouch Inc.,Version 1.5.8
9+,Toilet Time - Mini Games,128.7 MB,Infrequent/Mild Profanity or Crude Humor,"pack with 40 plungers,$1.99,Remove Ads Forever,$1.99,pack with 300 plungers,$9.99","English, Japanese, Portuguese",589 Ratings,"
                    #18 in Family
                  ,
                    ,
                  ,Free,Offers In-App Purchases",4.3,Tapps Tecnologia da Informação Ltda.,Version 2.7.10
12+,Deal or No Deal,108.1 MB,Infrequent/Mild Simulated Gambling,"Roll of Tokens,$1.99,Remove Ads!,$2.99,Bonus Slot Spin,$0.99",English,939 Ratings,"
                    #68 in Casino
                  ,
                    ,
                  ,Free,Offers In-App Purchases",3.7,"iwin, Inc.",Version 3.71
4+,Puzzledom,69.6 MB,© 2018 puzzledom,"120 Coins,$0.99,Remove Ads,$1.99,Starter Pack,$1.99","English, Simplified Chinese, Traditional Chinese",37K Ratings,"
                    #6 in Board
                  ,
                    ,
                  ,Free,Offers In-App Purchases",4.7,chengwei wu,Version 7.19
4+,Homescapes,202 MB,© 2017 Playrix,"Handful of Coins,$0.99,Purse of Coins,$4.99,Handful of Coins,$0.99","English, French, German, Italian, Japanese, Korean, Russian, Simplified Chinese, Spanish, Traditional Chinese",227.1K Ratings,"
                    #7 in Simulation
                  ,
                    ,
                  ,Free,Offers In-App Purchases",4.5,Playrix Games,Version 1.8.0
9+,Monster Legends,158.4 MB,Infrequent/Mild Cartoon or Fantasy Violence,"Couple of Gems,$1.99,Some Gems,$4.99,Handful of Gems,$9.99","English, Finnish, French, German, Italian, Japanese, Korean, Portuguese, Russian, Simplified Chinese, Spanish, Turkish",87.2K Ratings,"
                    #47 in Role Playing
                  ,
                    ,
                  ,Free,Offers In-App Purchases",4.8,Social Point,Version 7.0.3
12+,Hearthstone,2.7 GB,Infrequent/Mild Profanity or Crude Humor,"Arena Admission,$1.99,Bundle of 7 Classic Packs,$9.99,Bundle of 2 Classic Packs,$2.99","English, French, German, Italian, Japanese, Korean, Polish, Portuguese, Russian, Simplified Chinese, Spanish, Traditional Chinese",9.9K Ratings,"
                    #34 in Card
                  ,
                    ,
                  ,Free,Offers In-App Purchases",4.3,"Blizzard Entertainment, Inc.",Version 12.0.25770
4+,Words With Friends 2-Word Game,207.8 MB,© 2017 Zynga Inc.,"Pack of Coins,$0.99,Handful of Coins,$4.99,Stack of Coins,$9.99","English, French, German, Italian, Portuguese, Spanish",303.4K Ratings,"
                    #9 in Word
                  ,
                    ,
                  ,Free,Offers In-App Purchases",4.7,Zynga Inc.,Version 11.5.1
9+,Lords Mobile: War Kingdom,395.9 MB,Infrequent/Mild Cartoon or Fantasy Violence,"Captain's Special,$0.99,800 Gem Combo-E,$4.99,800 Gem Combo-D,$4.99","English, Arabic, French, German, Indonesian, Italian, Japanese, Korean, Malay, Portuguese, Russian, Simplified Chinese, Spanish, Thai, Traditional Chinese, Turkish, Ukrainian, Vietnamese",17.7K Ratings,"
                    #11 in Strategy
                  ,
                    ,
                  ,Free,Offers In-App Purchases",4.1,IGG.COM,Version 1.76
9+,High School Story,163.3 MB,Infrequent/Mild Mature/Suggestive Themes,"Stack of Rings,$1.99,Bunch of Rings,$4.99,Stack of Books,$1.99",English,3.9K Ratings,"
                    #128 in Role Playing
                  ,
                    ,
                  ,Free,Offers In-App Purchases",4.4,Pixelberry Studios,Version 5.4.0
17+,Walking Dead: The Game,384.5 MB,"Infrequent/Mild Alcohol, Tobacco, or Drug Use or References","Episode 2: Starved For Help,$4.99,Multi-Pack [Episodes 2 -5] ,$14.99,Multi-Pack [Episodes 2 -5 + 400 Days Bundle] ,$19.99",English,1.5K Ratings,"
                    #125 in Adventure
                  ,
                    ,
                  ,Free,Offers In-App Purchases",4.1,Telltale Inc,Version 1.10
4+,The Impossible Test - Fun Free Trivia Game,41.7 MB,© 2014 PixelCUBE Studios Inc.,"Answer Sheet,$0.99,Space Pack,$0.99,Remove Ads,$0.99",English,320 Ratings,"
                    #48 in Trivia
                  ,
                    ,
                  ,Free,Offers In-App Purchases",3.8,PIXELCUBE STUDIOS INC.,Version 3.7
12+,GSN Casino: Slot Machine Games,159.5 MB,Frequent/Intense Simulated Gambling,"$1.99 Token Bundle,$1.99,$9.99 Token Bundle,$9.99,$4.99 Token Bundle,$4.99",English,4.3K Ratings,"
                    #84 in Casino
                  ,
                    ,
                  ,Free,Offers In-App Purchases",4.2,Game Show Network,Version 3.64
4+,Traffic Racer,146.2 MB,© 2012 Soner Kara,"40,000 Cash,$2.99,80,000 Cash,$4.99,300,000 Cash,$14.99","English, Arabic, Dutch, French, German, Hungarian, Italian, Japanese, Korean, Polish, Portuguese, Russian, Simplified Chinese, Spanish, Swedish, Turkish",2.1K Ratings,"
                    #60 in Racing
                  ,
                    ,
                  ,Free,Offers In-App Purchases",4.3,Soner Kara,Version 2.5
4+,Tiny Wings,29.2 MB,© 2011 Andreas Illiger,,"English, Dutch, French, German, Italian, Spanish",1.3K Ratings,"
                    #7 in Arcade
                  ,
                    ,
                  ,$1.99",4.6,Andreas Illiger,Version 2.3
4+,TETRIS®,107 MB,Tetris ® and © 1985~2017 Tetris Holding. © 2017 Electronic Arts Inc.,"Ads Free,$4.99,2 500 T-Coins,$1.99,7 500 T-Coins,$4.99","English, Dutch, French, German, Italian, Japanese, Korean, Portuguese, Russian, Simplified Chinese, Spanish",5.6K Ratings,"
                    #47 in Puzzle
                  ,
                    ,
                  ,Free,Offers In-App Purchases",4.2,Electronic Arts,Version 3.0.15
4+,Fit the Fat 2,152.5 MB,© 2017 Five Bits Inc.,"Small coin bag,$1.99,Stamina refill,$1.99,Medium coin bag,$2.99",English,7.3K Ratings,"
                    #31 in Sports
                  ,
                    ,
                  ,Free,Offers In-App Purchases",4.4,"FIVE BITS, INC.",Version 1.4.3
4+,Angry Birds Star Wars II,219.4 MB,© Rovio Entertainment Oyj,"Tiny Credit Stack,$1.99,Small Credit Stack,$4.99,Medium Credit Stack,$9.99",English,33.4K Ratings,"
                    #196 in Action
                  ,
                    ,
                  ,Free,Offers In-App Purchases",4.6,Rovio Entertainment Oyj,Version 1.9.23
4+,Archery King,170.5 MB,© BLUEHOLE PNIX and MINICLIP SA,"Premium Golden Spin,$1.99,Stack of Coins,$1.99,Stack of Cash,$1.99","English, Arabic, French, German, Hindi, Indonesian, Italian, Japanese, Korean, Portuguese, Russian, Simplified Chinese, Spanish, Thai, Traditional Chinese",3.6K Ratings,"
                    #47 in Sports
                  ,
                    ,
                  ,Free,Offers In-App Purchases",4.3,Miniclip.com,Version 1.0.22
4+,Jurassic World™: The Game,126.1 MB,"© 2015-2017 Ludia Inc. Jurassic World™ is a trademark and copyright of Universal Studios and Amblin Entertainment, Inc. Licensed by Universal Studios Licensing LLC. All rights reserved.","VIP Membership,$9.99,RARE CARD PACK,$9.99,Limited Card Pack,$4.99","English, French, German, Italian, Japanese, Korean, Portuguese, Russian, Simplified Chinese, Spanish, Traditional Chinese",68K Ratings,"
                    #32 in Adventure
                  ,
                    ,
                  ,Free,Offers In-App Purchases",4.8,Ludia,Version 1.24.1
12+,Asphalt 9: Legends,1.5 GB,Infrequent/Mild Realistic Violence,"Starter Pack 1 -- Advanced,$1.99,Car Racing Legend 3,$6.99,Starter Pack 2,$6.99","English, French, German, Indonesian, Italian, Japanese, Korean, Portuguese, Russian, Simplified Chinese, Spanish, Thai, Traditional Chinese, Turkish",48.8K Ratings,"
                    #2 in Racing
                  ,
                    ,
                  ,Free,Offers In-App Purchases",4.8,Gameloft,Version 1.0.1
12+,Baseball Boy!,187.3 MB,Infrequent/Mild Realistic Violence,"Remove Ads,$2.99,Diamond Pack 1,$0.99,Diamond Pack 2,$4.99",English,243.7K Ratings,"
                    #5 in Sports
                  ,
                    ,
                  ,Free,Offers In-App Purchases",4.4,Voodoo,Version 1.7.1
4+,Township,255.4 MB,© 2013 Playrix,"Some Cash,$1.99,Bundles of Cash,$4.99,Envelope of Cash,$9.99","English, Arabic, Dutch, French, German, Indonesian, Italian, Japanese, Korean, Portuguese, Russian, Simplified Chinese, Spanish, Traditional Chinese, Turkish",40.9K Ratings,"
                    #33 in Adventure
                  ,
                    ,
                  ,Free,Offers In-App Purchases",4.6,Playrix Games,Version 5.9.0
4+,Ultra Sharp,24.9 MB,"© Lion Studios, LLC 2018","Pack of 10 Skips,$0.99,Remove Ads,$4.99","English, Arabic, French, German, Italian, Japanese, Korean, Portuguese, Russian, Simplified Chinese, Spanish, Thai, Traditional Chinese, Turkish",2.3K Ratings,"
                    #1 in Action
                  ,
                    ,
                  ,Free,Offers In-App Purchases",4.6,Lion Studios,Version 1.2
4+,Gummy Drop! – A Match 3 Game,163 MB,"© 2018 Big Fish Games, Inc.","Big Spender,$0.99,Money Bags,$4.99,High Roller,$9.99","English, Dutch, French, German, Italian, Japanese, Korean, Portuguese, Russian, Simplified Chinese, Spanish",23K Ratings,"
                    #155 in Puzzle
                  ,
                    ,
                  ,Free,Offers In-App Purchases",4.5,"Big Fish Games, Inc",Version 3.15.1
4+,What's the Difference? Spot It,95.4 MB,"© 2018 Candywriter, LLC","Parachute,$0.99,Glider of Lifelines,$0.99,Rowboat of Lifelines,$1.99",English,13.3K Ratings,"
                    #44 in Trivia
                  ,
                    ,
                  ,Free,Offers In-App Purchases",4.6,"Candywriter, LLC",Version 9.1
12+,Rolly Vortex,201.9 MB,Infrequent/Mild Simulated Gambling,"Remove Ads,$2.99,Unlock The Zoo Characters,$4.99,Deer,$0.99",English,196.7K Ratings,"
                    #8 in Adventure
                  ,
                    ,
                  ,Free,Offers In-App Purchases",4.6,Voodoo,Version 1.7.3
4+,Slices,164 MB,© 2017 Midnight Tea Srl,"No Ads,$2.99",English,18.8K Ratings,"
                    #5 in Action
                  ,
                    ,
                  ,Free,Offers In-App Purchases",4.5,Good Job Games,Version 2.1.3
4+,My Boo Virtual Pet & Mini Game,125.4 MB,© Tapps Tecnologia da Informação Ltda.,"pack with 3000 coins,$0.99,a pack with 10000 coins,$2.99,Pile of Coins,$1.99","English, French, German, Portuguese, Spanish",7.4K Ratings,"
                    #49 in Family
                  ,
                    ,
                  ,Free,Offers In-App Purchases",4.6,Tapps Tecnologia da Informação Ltda.,Version 2.10
4+,My Horse,302.9 MB,© (2011-2016) NaturalMotion Games Ltd.,"Pack of 20 Gems,$0.99,Pack of 65 Gems,$2.99,Pack of 110 Gems,$4.99","English, Chinese, French, German, Italian, Japanese, Portuguese, Spanish",897 Ratings,"
                    #132 in Family
                  ,
                    ,
                  ,Free,Offers In-App Purchases",4,"MunkyFun, Inc.",Version 1.34.0
4+,Gardenscapes,299.9 MB,© 2016 Playrix,"Handful of Coins,$0.99,Purse of Coins,$4.99,Garden Kit,$1.99","English, Dutch, French, German, Italian, Japanese, Korean, Portuguese, Russian, Simplified Chinese, Spanish, Traditional Chinese, Turkish",119.6K Ratings,"
                    #25 in Simulation
                  ,
                    ,
                  ,Free,Offers In-App Purchases",4.6,Playrix Games,Version 2.6.0
4+,Jelly Jump,249.6 MB,© Ketchapp,"Remove Ads,$1.99",English,9.8K Ratings,"
                    #165 in Action
                  ,
                    ,
                  ,Free,Offers In-App Purchases",4.4,Ketchapp,Version 1.4
4+,PLANK!,93.8 MB,"© (C)Copyright 2018, Kwalee Ltd","Remove Ads,$1.99,Remove Ads,$2.99",English,36.7K Ratings,"
                    #7 in Arcade
                  ,
                    ,
                  ,Free,Offers In-App Purchases",4.5,Kwalee,Version 1.0.3
4+,Wordscapes,136 MB,"© Copyright 2017 Peoplefun, Inc.","240 Coins,$0.99,1,340 Coins,$4.99,720 Coins,$2.99",English,98.9K Ratings,"
                    #3 in Word
                  ,
                    ,
                  ,Free,Offers In-App Purchases",4.9,"PeopleFun, Inc.",Version 1.0.47
4+,⋆Solitaire,222.5 MB,© Brainium Studios,,English,247.9K Ratings,"
                    #10 in Casino
                  ,
                    ,
                  ,Free",4.6,Brainium Studios LLC,Version 1.5.13
12+,Texas Holdem Poker: Pokerist,294.4 MB,Infrequent/Mild Sexual Content and Nudity,"1M chips,$2.99,15M chips,$19.99,100k chips,$0.99","English, Arabic, Czech, Danish, Dutch, Finnish, French, German, Greek, Hebrew, Hindi, Hungarian, Indonesian, Italian, Japanese, Kazakh, Korean, Malay, Norwegian, Norwegian Bokmål, Portuguese, Romanian, Russian, Simplified Chinese, Spanish, Swedish, Thai, Traditional Chinese, Turkish, Ukrainian, Vietnamese",9.8K Ratings,"
                    #54 in Casino
                  ,
                    ,
                  ,Free,Offers In-App Purchases",4.7,KamaGames,Version 18.3.0
9+,Bloons TD Battles,136.5 MB,Infrequent/Mild Cartoon or Fantasy Violence,"Club Room Unlock,$7.99,Handful of Medallions,$1.99,Bag of Medallions,$4.99",English,90.5K Ratings,"
                    #23 in Strategy
                  ,
                    ,
                  ,Free,Offers In-App Purchases",4.8,Ninja Kiwi,Version 5.0
4+,Best Fiends - Puzzle Adventure,354.2 MB,© Seriously Digital Entertainment Ltd.,"Gold Pack,$1.99,Super Offer,$1.99,5 More moves,$0.99",English,22.7K Ratings,"
                    #20 in Adventure
                  ,
                    ,
                  ,Free,Offers In-App Purchases",4.7,Seriously,Version 5.8.1
4+,Stick Hero,28.7 MB,© Ketchapp,"400 Cherries,$0.99,1000 Cherries,$1.99,Remove Ads,$1.99",English,7.2K Ratings,"
                    ,
                  ,Free,Offers In-App Purchases",4.2,Ketchapp,Version 1.5
12+,War Robots,1 GB,Frequent/Intense Cartoon or Fantasy Violence,"1200 pieces of gold bullions,$9.99,500 pieces of gold bullions,$4.99,2500 pieces of gold bullions,$19.99","English, Dutch, French, German, Indonesian, Italian, Japanese, Korean, Polish, Portuguese, Russian, Simplified Chinese, Spanish, Thai, Traditional Chinese, Turkish, Vietnamese",148.2K Ratings,"
                    #48 in Action
                  ,
                    ,
                  ,Free,Offers In-App Purchases",4.7,Pixonic Games LTD,Version 4.1.1
12+,Kick the Buddy,181.7 MB,Frequent/Intense Cartoon or Fantasy Violence,"Diamond Membership (1 week),$7.99,Pinch of Gold,$0.99,Pocketful of Gold,$1.99",English,620.9K Ratings,"
                    #15 in Action
                  ,
                    ,
                  ,Free,Offers In-App Purchases",4.7,Chill Fleet,Version 1.3.3
4+,Word Search Puzzles,26.8 MB,© 2013,,English,2.3K Ratings,"
                    #38 in Word
                  ,
                    ,
                  ,Free",4.3,Storm8 Studios,Version 2.2.0
4+,Racing in Car,102.2 MB,© 2015 Caner Kara,"5000 Cash,$1.99,50000 Cash,$9.99,12500 Cash,$3.99",English,2.6K Ratings,"
                    #37 in Racing
                  ,
                    ,
                  ,Free,Offers In-App Purchases",4.1,Caner Kara,Version 1.1
4+,Twist,140.3 MB,© Ketchapp,"Remove Ads,$1.99",English,33.6K Ratings,"
                    ,
                  ,Free,Offers In-App Purchases",4.2,Ketchapp,  
4+,Spider Solitaire: Card Game,108 MB,© 2017 MobilityWare,,"English, Japanese, Simplified Chinese",32.6K Ratings,"
                    #12 in Casino
                  ,
                    ,
                  ,Free",4.6,MobilityWare,Version 4.1.0
4+,Guess The Emoji,50.4 MB,© Conversion LLC,"100 Coins!,$0.99,250 Coins & No Ads!,$1.99,750 Coins & No Ads!,$4.99",English,1.7K Ratings,"
                    #42 in Trivia
                  ,
                    ,
                  ,Free,Offers In-App Purchases",4.4,"Conversion, LLC",Version 8.16
9+,Star Wars™: Galaxy of Heroes,161.4 MB,Infrequent/Mild Cartoon or Fantasy Violence,"Chest of Crystals,$19.99,Box of Crystals,$9.99,Bag of Crystals,$4.99","English, Chinese, French, German, Indonesian, Italian, Japanese, Korean, Portuguese, Russian, Simplified Chinese, Spanish, Thai, Traditional Chinese, Turkish",88K Ratings,"
                    #18 in Strategy
                  ,
                    ,
                  ,Free,Offers In-App Purchases",4.7,Electronic Arts,Version 0.12.1
12+,Trigger Fist,673.3 MB,Infrequent/Mild Realistic Violence,"Expansion Pack 1,$2.99,Next Gunner Unlock,$2.99,Next Rifleman Unlock,$2.99",English,3K Ratings,"
                    ,
                  ,Free,Offers In-App Purchases",4.4,Lake Effect Applications,Version 1.12
4+,Golf Clash,112.6 MB,© Playdemic Ltd.,"Golden Shot Single,$0.99,Golden Shot Multiple,$4.99,A sack of gems,$9.99","English, Arabic, French, German, Indonesian, Italian, Japanese, Korean, Portuguese, Russian, Simplified Chinese, Spanish, Thai, Traditional Chinese, Turkish, Vietnamese",720.9K Ratings,"
                    #6 in Sports
                  ,
                    ,
                  ,Free,Offers In-App Purchases",4.5,Playdemic,Version 2.2.3
4+,Bakery Story,175.6 MB,© 2018 Storm8 Studios,"24 Gems,$4.99,50 Gems,$9.99,24 Gems,$3.99",English,1.8K Ratings,"
                    #122 in Adventure
                  ,
                    ,
                  ,Free,Offers In-App Purchases",4.2,Storm8 Studios,Version 1.8.2
12+,Beat the Boss 2,236.6 MB,Infrequent/Mild Realistic Violence,"110 Diamonds,$0.99,2500 Coins,$0.99,580 Diamonds,$4.99","English, Danish, Dutch, Finnish, French, German, Italian, Japanese, Korean, Norwegian Bokmål, Polish, Portuguese, Russian, Simplified Chinese, Spanish, Swedish, Traditional Chinese",2.8K Ratings,"
                    ,
                  ,Free,Offers In-App Purchases",4.7,Game Hive Corp.,Version 2.9.2
4+,Disney Crossy Road,205.3 MB,© 2016 Disney,"Classic Figurine,$0.99,Rare Figurine,$1.99,Epic Figurine,$2.99","English, Catalan, French, German, Italian, Japanese, Korean, Portuguese, Russian, Spanish",48.6K Ratings,"
                    #119 in Action
                  ,
                    ,
                  ,Free,Offers In-App Purchases",4.6,Disney,Version 3.2
17+,Rules of Survival,1.4 GB,Frequent/Intense Realistic Violence,"Special Pack 01,$0.99,60 diamonds,$0.99,300 diamonds,$4.99",English,120.5K Ratings,"
                    #21 in Adventure
                  ,
                    ,
                  ,Free,Offers In-App Purchases",4.5,NetEase Games,Version 1.0.37
17+,Deer Hunter 2018™,398.3 MB,Infrequent/Mild Realistic Violence,"Gold,$1.99,Pocket Change Gold Pack,$4.99,Pay Day Gold Pack,$19.99","English, Chinese, French, German, Italian, Japanese, Korean, Portuguese, Russian, Simplified Chinese, Spanish, Thai, Traditional Chinese",33.3K Ratings,"
                    #52 in Simulation
                  ,
                    ,
                  ,Free,Offers In-App Purchases",4.7,Glu Games Inc,Version 5.1.2
4+,Pictoword: Fun New Word Games,152.8 MB,© 2013 Kooapps LLC,"200 Coins,$0.99,420 Coins,$1.99,1170 Coins,$4.99",English,40.1K Ratings,"
                    #10 in Trivia
                  ,
                    ,
                  ,Free,Offers In-App Purchases",4.5,Kooapps,Version 2.5.3
4+,Geometry Dash Meltdown,61.3 MB,© 2015 RobTop Games AB,,English,132.9K Ratings,"
                    #13 in Music
                  ,
                    ,
                  ,Free",4.7,RobTop Games AB,Version 1.01
17+,Evil Apples: Dirty as ____.,154.1 MB,Frequent/Intense Mature/Suggestive Themes,"Unlock All Decks Forever,$9.99,Mega Pass,$3.99,+50 Cake,$1.99",English,65K Ratings,"
                    #17 in Card
                  ,
                    ,
                  ,Free,Offers In-App Purchases",4.8,Evil Studios Limited,Version 2.1
4+,Run Around 웃,138 MB,© Crazy Labs,"No Ads,$1.99","English, Chinese, French, German, Italian, Japanese, Korean, Portuguese, Russian, Spanish, Turkish",5.6K Ratings,"
                    #6 in Action
                  ,
                    ,
                  ,Free,Offers In-App Purchases",4.5,Crazy Labs,Version 1.5.0
12+,World Series of Poker - WSOP,333.4 MB,Frequent/Intense Simulated Gambling,"3,150,000 Chips,$2.99,10,080,000 Chips,$5.99,Respin Package,$0.99",English,46.8K Ratings,"
                    #6 in Casino
                  ,
                    ,
                  ,Free,Offers In-App Purchases",4.4,Playtika LTD,Version 5.11.0
9+,LEGO® Star Wars™: TCS,865.6 MB,Infrequent/Mild Cartoon or Fantasy Violence,"The Complete Game,$6.99,Prequel Trilogy Bundle,$1.99,Empire Character Pack (The Emperor),$0.99",English,3.8K Ratings,"
                    #27 in Adventure
                  ,
                    ,
                  ,Free,Offers In-App Purchases",4.1,Warner Bros.,Version 1.9.19
4+,Block Craft 3D: City Building,111 MB,© Fun Games For Free,"Flying Ability,$2.99,Pile of Gems,$4.99,Bag of Gems,$9.99","English, French, German, Italian, Japanese, Korean, Portuguese, Russian, Spanish",49.8K Ratings,"
                    #33 in Role Playing
                  ,
                    ,
                  ,Free,Offers In-App Purchases",4.8,Fun Games For Free,Version 2.10.6
12+,Blackjack: Casino Card Game,125 MB,Frequent/Intense Simulated Gambling,"Stack of Chips,$1.99,Stack of Chips,$1.99,Bundle of Chips,$0.99","English, French, Japanese, Simplified Chinese, Spanish",15.3K Ratings,"
                    #71 in Casino
                  ,
                    ,
                  ,Free,Offers In-App Purchases",4.6,MobilityWare,Version 6.0.4
4+,FIFA Soccer,137 MB,© 2016 Electronic Arts Inc.  All Rights Reserved.,"1200 FIFA Points,$9.99,580 FIFA Points,$4.99,230 FIFA Points,$1.99","English, Chinese (Hong Kong), Danish, Dutch, French, German, Indonesian, Italian, Japanese, Korean, Norwegian, Portuguese, Russian, Simplified Chinese, Spanish, Swedish, Turkish",69.1K Ratings,"
                    #22 in Sports
                  ,
                    ,
                  ,Free,Offers In-App Purchases",4.5,Electronic Arts,Version 10.5.00
12+,Heads Up!,107 MB,"Infrequent/Mild Alcohol, Tobacco, or Drug Use or References","Adult Supervision,$0.99,Just For Kids,Free,Happy Holidays,Free","English, Spanish",50.4K Ratings,"
                    #1 in Card
                  ,
                    ,
                  ,$0.99,Offers In-App Purchases",4.8,Warner Bros.,Version 3.9.4
4+,Doodle Jump,47 MB,"© 2018 Lima Sky, LLC","1000 coins,$0.99,10,000 coins,$4.99,30,000 coins,$9.99",English,277 Ratings,"
                    #24 in Adventure
                  ,
                    ,
                  ,$0.99,Offers In-App Purchases",4.2,Lima Sky,Version 3.20.2
4+,Where's My Water? 2,187.4 MB,© 2013 Disney,"Keychain,$0.99,Visual Hint Bundle,$0.99,Vacuum Power-up Bundle,$0.99","English, French, German, Italian, Japanese, Korean, Portuguese, Russian, Simplified Chinese, Spanish, Traditional Chinese",2.2K Ratings,"
                    #71 in Puzzle
                  ,
                    ,
                  ,Free,Offers In-App Purchases",4.4,Disney,Version 1.6.2
12+,Tiny Tower,184.1 MB,Infrequent/Mild Profanity or Crude Humor,"pack of 100 Tower Bux,$4.99,pack of 10 Tower Bux,$0.99,pack of 1,000 Tower Bux,$29.99",English,18.6K Ratings,"
                    #89 in Family
                  ,
                    ,
                  ,Free,Offers In-App Purchases",4.7,NimbleBit LLC,Version 3.6.5
4+,Dancing Line,154.4 MB,© cheetah technology corporation limited,"Infinite Cubes,$1.99,Remove Pop-up Ads,$5.99,Small Coin Box,$2.99","English, Japanese, Russian, Simplified Chinese, Traditional Chinese",50K Ratings,"
                    #3 in Music
                  ,
                    ,
                  ,Free,Offers In-App Purchases",4.7,Cheetah Technology Corporation Limited,Version 2.2.1
4+,Glow Hockey 2L,45 MB,© Natenai Ariyatrakool,,English,431 Ratings,"
                    #53 in Family
                  ,
                    ,
                  ,Free",3.7,Natenai Ariyatrakool,Version 2.2.10
12+,Color Road!,179.3 MB,Infrequent/Mild Medical/Treatment Information,"Buy Revive Life,$0.99,Remove Ads,$2.99,100 Gems,$0.99",English,139.9K Ratings,"
                    #1 in Racing
                  ,
                    ,
                  ,Free,Offers In-App Purchases",4.6,Voodoo,Version 2.5.0
12+,Dune!,238.7 MB,Infrequent/Mild Medical/Treatment Information,"Remove Ads,$2.99,Revive,$0.99",English,317.1K Ratings,"
                    #50 in Action
                  ,
                    ,
                  ,Free,Offers In-App Purchases",4.5,Voodoo,Version 4.4
12+,myVEGAS Slots – Casino Slots,285 MB,Frequent/Intense Simulated Gambling,"Big Win Chips,$9.99,Ante Up Chips,$4.99,Mega Deal Chips,$19.99",English,18.8K Ratings,"
                    #34 in Casino
                  ,
                    ,
                  ,Free,Offers In-App Purchases",4.5,PlayStudios,Version 2.13.0
4+,Basketball Stars™,143.2 MB,© Miniclip Games,"Golden Spin,$0.99,A Bunch Of Cash,$1.99,A Bunch Of Gold,$1.99","English, French, German, Italian, Portuguese, Russian, Spanish, Turkish",15K Ratings,"
                    #32 in Sports
                  ,
                    ,
                  ,Free,Offers In-App Purchases",4.4,Miniclip.com,Version 1.16.1
4+,My Singing Monsters,238.5 MB,© Big Blue Bubble,"Cup of Diamonds,$1.99,Bucket of Diamonds,$4.99,Coin Purse,$0.99","English, French, German, Italian, Portuguese, Russian, Spanish",44.1K Ratings,"
                    #16 in Music
                  ,
                    ,
                  ,Free,Offers In-App Purchases",4.8,Big Blue Bubble,Version 2.2.1
12+,Bumper.io,116.2 MB,Infrequent/Mild Mature/Suggestive Themes,"NO ADS,$2.99",English,17.6K Ratings,"
                    ,
                  ,Free,Offers In-App Purchases",4.5,Voodoo,Version 1.1.8
4+,Doodle Jump - Insanely Good!,71.6 MB,© 2018 Lima Sky LLC,"10000 coins,$3.99,1000 coins,$0.99,small gold,$0.99","English, French, German, Russian",446 Ratings,"
                    #161 in Action
                  ,
                    ,
                  ,Free,Offers In-App Purchases",4.1,Lima Sky,Version 2.75.2
4+,Toon Blast,254.4 MB,© Peak Games 2018,"Tiny Coin Pack,$1.99,Super Bundle,$12.99,Toon Bundle,$6.99","English, French, German, Italian, Japanese, Portuguese, Russian, Spanish, Turkish",595.6K Ratings,"
                    #10 in Puzzle
                  ,
                    ,
                  ,Free,Offers In-App Purchases",4.7,Peak Games,Version 3212
4+,Kids Doodle - Movie Kids Color & Draw,21.7 MB,© 2016 Bejoy Mobile,"No Ads,$0.99","English, French, German, Japanese, Russian, Simplified Chinese, Traditional Chinese, Turkish",2.2K Ratings,"
                    #30 in Family
                  ,
                    ,
                  ,Free,Offers In-App Purchases",4.1,Bejoy Mobile,Version 2.4.1
4+,Extreme Car Driving Simulator,198 MB,© 2017 AxesInMotion S.L.,"Casual Pack - 5500 credits,$4.99,Remove Ads,$1.99,Initial Pack - 1000 credits,$0.99",English,6.1K Ratings,"
                    #12 in Racing
                  ,
                    ,
                  ,Free,Offers In-App Purchases",4.3,AxesInMotion S.L.,Version 4.17.5
4+,Magic Jigsaw Puzzles,336.6 MB,© COPYRIGHT 2010 XIMAD,"Gold Pack,$4.99,5000 coins,$4.99,1000 coins,$0.99","English, French, German, Italian, Japanese, Korean, Portuguese, Russian, Simplified Chinese, Spanish, Turkish",116.2K Ratings,"
                    #41 in Board
                  ,
                    ,
                  ,Free,Offers In-App Purchases",4.6,ZiMAD,Version 3.5.6
4+,Word Crossy - A crossword game,157 MB,© Word Crossy,"Word Crossy - Handful of Coins,$1.99,Coin pack,$7.99,A tiny pack of Coins offer,$0.99",English,110.3K Ratings,"
                    #2 in Word
                  ,
                    ,
                  ,Free,Offers In-App Purchases",4.5,gu yunhe,Version 2.5.6
17+,HQ - Live Trivia Game Show,144.1 MB,Gambling and Contests,"3 Extra Lives,$9.99,1 Extra Life,$3.99",English,118.9K Ratings,"
                    #7 in Trivia
                  ,
                    ,
                  ,Free,Offers In-App Purchases",3.8,Intermedia Labs,Version 1.3.15
4+,AdVenture Capitalist,626.6 MB,© 2014 Hyper Hippo Productions Ltd,"55 GoldBars,$4.99,115 Gold Bars,$9.99,20 GoldBars,$1.99",English,128.4K Ratings,"
                    #9 in Board
                  ,
                    ,
                  ,Free,Offers In-App Purchases",4.7,Kongregate,Version 6.2.7
12+,TENKYU,133.5 MB,Infrequent/Mild Medical/Treatment Information,"NoAds,$2.99",English,55.2K Ratings,"
                    #3 in Arcade
                  ,
                    ,
                  ,Free,Offers In-App Purchases",4.5,Voodoo,Version 3.2
4+,100 PICS Quiz,98.9 MB,100® PICS © 2017 Poptacular,"150 Coins,$0.99,Skip Word,$0.99,350 Coins,$1.99","English, French, German, Italian, Japanese, Korean, Norwegian Bokmål, Portuguese, Spanish, Swedish",7.9K Ratings,"
                    #6 in Trivia
                  ,
                    ,
                  ,Free,Offers In-App Purchases",4.6,Poptacular Ltd,Version 2.67
4+,Roll the Ball® - slide puzzle,216.2 MB,© 2015 BitMango All right reserved,"AD FREE,$1.99,3 Solutions,$0.99,16 Solutions,$4.99",English,10.5K Ratings,"
                    #26 in Board
                  ,
                    ,
                  ,Free,Offers In-App Purchases",4.6,BitMango,Version 1.7.40
4+,Cookie Jam Matching Game,203.2 MB,© Jam City,"Order of 25 coins,$0.99,Stack of 135 coins,$4.99,Jar of 275 coins,$9.99","English, Czech, Danish, Dutch, Finnish, French, German, Greek, Hebrew, Indonesian, Italian, Japanese, Korean, Malay, Norwegian Bokmål, Polish, Portuguese, Russian, Simplified Chinese, Spanish, Swedish, Thai, Traditional Chinese, Turkish, Vietnamese",65.8K Ratings,"
                    #116 in Puzzle
                  ,
                    ,
                  ,Free,Offers In-App Purchases",4.7,"Jam City, Inc.",Version 8.0.117
4+,Chess ∙,65.3 MB,© 2018 Optime Software LLC,,English,8.7K Ratings,"
                    #33 in Board
                  ,
                    ,
                  ,Free",4.4,Optime Software LLC,Version 1.76
4+,Tetris® Blitz,141.3 MB,© 2017 Electronic Arts Inc. Tetris ® & © 1985~2016 Tetris® Holding. All Rights Reserved.,"INVERSION,$0.99,GIFTING TREE,$1.99,SMALL SPIN PACK,$1.99","English, Chinese, Dutch, French, German, Italian, Japanese, Korean, Portuguese, Russian, Spanish",23.5K Ratings,"
                    #193 in Puzzle
                  ,
                    ,
                  ,Free,Offers In-App Purchases",4.7,Electronic Arts,Version 4.4.0
4+,Candy Crush Jelly Saga,206.4 MB,© King.com Limited 2014-2016. All rights reserved.,"Hard Currency XS,$0.99,XS Gold Bar package,$0.99,Hard Currency XS,$1.99","English, Chinese, Japanese, Korean, Simplified Chinese, Traditional Chinese",10.3K Ratings,"
                    #81 in Puzzle
                  ,
                    ,
                  ,Free,Offers In-App Purchases",4.4,King,Version 2.2.4
9+,Tomb of the Mask,149.7 MB,Infrequent/Mild Cartoon or Fantasy Violence,"Diamond Membership (1 week),$7.99,Remove ads,$0.99,Fistful of Coins,$0.99","English, Chinese, French, German, Italian, Japanese, Korean, Portuguese, Russian, Spanish",57.3K Ratings,"
                    #1 in Arcade
                  ,
                    ,
                  ,Free,Offers In-App Purchases",4.7,Playgendary,Version 1.5.1
17+,DoubleDown Casino Slots & More,42.4 MB,Frequent/Intense Simulated Gambling,"Ante-Up Pack,$7.99,Rookie Pack,$2.99,ALL IN Pack,$99.99","English, French, German, Italian, Portuguese, Spanish",252K Ratings,"
                    #31 in Casino
                  ,
                    ,
                  ,Free,Offers In-App Purchases",4.6,Double Down Interactive LLC,Version 4.5.5
12+,Fallout Shelter,1.2 GB,Infrequent/Mild Mature/Suggestive Themes,"Bundle of 5 Lunchboxes,$2.99,Lunchbox,$0.99,Bundle of 40 Lunchboxes,$9.99","French, German, Italian, Russian, Spanish",156.1K Ratings,"
                    #51 in Role Playing
                  ,
                    ,
                  ,Free,Offers In-App Purchases",4.8,Bethesda,Version 1.13.12
4+,My Talking Angela,504.5 MB,© Outfit7 Limited,"Pile of Diamonds,$1.99,Bag of Diamonds,$4.99,Box of Diamonds (-70%),$5.99","English, Arabic, French, German, Italian, Japanese, Korean, Portuguese, Russian, Simplified Chinese, Spanish, Traditional Chinese, Turkish",104.8K Ratings,"
                    #11 in Family
                  ,
                    ,
                  ,Free,Offers In-App Purchases",4.6,Outfit7 Limited,Version 3.7.1
9+,Hill Climb Racing 2,170.2 MB,Infrequent/Mild Cartoon or Fantasy Violence,"Stack of Gems,$0.99,Pile of Gems,$4.99,Cup of Gems,$1.99",English,19.5K Ratings,"
                    #24 in Racing
                  ,
                    ,
                  ,Free,Offers In-App Purchases",4.5,Fingersoft,Version 1.17.0
12+,Covet Fashion,153.3 MB,Infrequent/Mild Sexual Content and Nudity,"Handful of Diamonds,$1.99,Cluster of Diamonds,$4.99,Pile of Diamonds,$9.99","English, French, German, Italian, Portuguese, Spanish",15.2K Ratings,"
                    #41 in Role Playing
                  ,
                    ,
                  ,Free,Offers In-App Purchases",4.3,Crowdstar Inc,Version 3.22.51
17+,MORTAL KOMBAT X,1.1 GB,"Infrequent/Mild Alcohol, Tobacco, or Drug Use or References","Dread Flask of Warrior Souls,$19.99,Bottle of Nameless Souls,$9.99,Vial of Captured Souls,$2.99","English, Chinese, French, German, Italian, Japanese, Korean, Polish, Portuguese, Russian, Simplified Chinese, Spanish, Traditional Chinese",13.6K Ratings,"
                    #21 in Card
                  ,
                    ,
                  ,Free,Offers In-App Purchases",4.3,Warner Bros.,Version 1.18.2
4+,Need for Speed No Limits,1.5 GB,"Need for Speed™ No Limits ©2017 Electronic Arts Inc. EA, the EA logo, Need for Speed, the “N” icon and the Need for Speed logo are trademarks of Electronic Arts Inc.","Box of Gold,$1.99,Suitcase,$4.99,Box of Gold,$1.99","English, Dutch, French, German, Italian, Japanese, Korean, Portuguese, Russian, Simplified Chinese, Spanish, Traditional Chinese",76.2K Ratings,"
                    #10 in Racing
                  ,
                    ,
                  ,Free,Offers In-App Purchases",4.8,Electronic Arts,Version 2.12.1
4+,Wheel of Fortune: Show Puzzles,325 MB,© Scopely Inc,"Scoop of Diamonds,$4.99,Pouch of Diamonds,$1.99,Bag of Diamonds,$9.99",English,104.7K Ratings,"
                    #12 in Trivia
                  ,
                    ,
                  ,Free,Offers In-App Purchases",4.5,Scopely,Version 3.34.1
4+,Design Home,198.4 MB,"© 2016-2018 Crowdstar, Inc.","Handful of Diamonds,$1.99,Cluster of Diamonds,$4.99,Pile of Diamonds,$9.99","English, French, German, Spanish",85K Ratings,"
                    #22 in Simulation
                  ,
                    ,
                  ,Free,Offers In-App Purchases",4.5,Crowdstar Inc,Version 1.11.01
4+,Clumsy Ninja,240.8 MB,© (2013-2017) NaturalMotion Games Ltd,"Bag of Gems,$2.99,Box of Toys 1,$2.99,Sack of Gems,$4.99","English, French, German, Italian, Spanish",90.4K Ratings,"
                    #33 in Family
                  ,
                    ,
                  ,Free,Offers In-App Purchases",4.8,NaturalMotion,Version 1.31.1
12+,Highway Rider,169.7 MB,Infrequent/Mild Realistic Violence,"1k Gas Caps,$0.99,10k Gas Caps,$4.99,100k Gas Caps,$11.99",English,2K Ratings,"
                    #29 in Racing
                  ,
                    ,
                  ,Free,Offers In-App Purchases",4.4,"Battery Acid Games, Inc.",Version 2.0.2
4+,DragonVale,189.7 MB,© 2018 Backflip Studios LLC,"Pile of Gems,$1.99,Sack of Gems,$4.99,Bag of Gems,$9.99","English, French, German, Italian, Japanese, Korean, Portuguese, Russian, Spanish, Traditional Chinese",27.8K Ratings,"
                    #76 in Family
                  ,
                    ,
                  ,Free,Offers In-App Purchases",4.7,Backflip Studios,Version 4.7
4+,ZigZag,120.3 MB,© Ketchapp,"Remove Ads,$1.99",English,25.6K Ratings,"
                    #190 in Action
                  ,
                    ,
                  ,Free,Offers In-App Purchases",4.2,Ketchapp,Version 1.2.1
4+,Word Connect ¤,160.8 MB,© Zentertain Ltd.,"Coin Pack A,$0.99,Coin Pack B,$2.99,Coin Pack C,$4.99","English, Arabic, Dutch, French, Hindi, Indonesian, Italian, Japanese, Portuguese, Simplified Chinese, Spanish, Traditional Chinese",654.2K Ratings,"
                    #7 in Word
                  ,
                    ,
                  ,Free,Offers In-App Purchases",4.8,Zentertain Ltd.,Version 2.282.0
4+,Talking Tom Gold Run,255.2 MB,© Outfit7 Limited,"Batch of dynamite,$1.99,Pile of dynamite,$4.99,Batch of dynamite,$2.99","English, Arabic, French, German, Italian, Japanese, Korean, Portuguese, Russian, Simplified Chinese, Spanish, Traditional Chinese, Turkish",178.1K Ratings,"
                    #23 in Action
                  ,
                    ,
                  ,Free,Offers In-App Purchases",4.7,Outfit7 Limited,Version 2.8.2
12+,Big Fish Casino: Slots & Games,123.6 MB,Infrequent/Mild Sexual Content and Nudity,"PREMIUM,$19.99,TYCOON,$99.99,TITAN,$9.99",English,105.5K Ratings,"
                    #22 in Casino
                  ,
                    ,
                  ,Free,Offers In-App Purchases",4.6,"Big Fish Games, Inc",Version 10.8.4
12+,Slotomania™ Vegas Casino Slots,206.5 MB,Frequent/Intense Simulated Gambling,"Mini Package,$1.99,Advanced Package,$4.99,Pro Package,$19.99",English,36.1K Ratings,"
                    #5 in Casino
                  ,
                    ,
                  ,Free,Offers In-App Purchases",4.2,Playtika LTD,Version 2.87.1
12+,Coin Dozer,266.2 MB,Frequent/Intense Simulated Gambling,"Plus 50 Coins,$0.99,Get 60 Coins,$0.99,Get 300 Coins,$4.99",English,21.7K Ratings,"
                    #4 in Casino
                  ,
                    ,
                  ,Free,Offers In-App Purchases",4.7,Game Circus LLC,Version 18.6
12+,Ballz,104.6 MB,Infrequent/Mild Profanity or Crude Humor,"Remove ads,$2.99,200 Rings,$0.99,900 Rings,$2.99",English,47.5K Ratings,"
                    #53 in Action
                  ,
                    ,
                  ,Free,Offers In-App Purchases",4.4,Ketchapp,Version 1.2.1
4+,Pet Rescue Saga,119.6 MB,© King.com Limited 2013-2016. All rights reserved.,"Gold Bars x9,$0.99,Extra Moves,$0.99,Pet Rescue Full Life package,$0.99","English, Chinese, Danish, Dutch, Finnish, French, German, Italian, Japanese, Korean, Norwegian, Portuguese, Simplified Chinese, Spanish, Swedish, Turkish",2.5K Ratings,"
                    #125 in Puzzle
                  ,
                    ,
                  ,Free,Offers In-App Purchases",4.4,King,Version 1.149.12
4+,Sky Burger - Build & Match Food Free,146.8 MB,© 2016 NimbleBit LLC,"10 Zaps,$0.99,50 Zaps,$2.99,200 Zaps,$9.99","English, Japanese, Simplified Chinese",3.2K Ratings,"
                    #126 in Family
                  ,
                    ,
                  ,Free,Offers In-App Purchases",4.2,NimbleBit LLC,Version 3.0.3
12+,SongPop,68.6 MB,Infrequent/Mild Mature/Suggestive Themes,"Small Coins Pack,$0.99,Medium Coins Pack,$4.99,Big Coins Pack,$9.99","English, Czech, Dutch, French, German, Italian, Japanese, Korean, Polish, Portuguese, Russian, Simplified Chinese, Spanish, Swedish, Traditional Chinese, Turkish",2.3K Ratings,"
                    #28 in Music
                  ,
                    ,
                  ,Free,Offers In-App Purchases",4.3,FreshPlanet Inc.,Version 1.26.27
12+,Kim Kardashian: Hollywood,425.5 MB,Infrequent/Mild Cartoon or Fantasy Violence,"Small Star Pack,$4.99,Medium Star Pack,$9.99,Large Star Pack,$19.99",English,52.9K Ratings,"
                    #29 in Adventure
                  ,
                    ,
                  ,Free,Offers In-App Purchases",4.7,Glu Games Inc,Version 9.2.0
12+,Paper.io,253.5 MB,Infrequent/Mild Horror/Fear Themes,"Remove ads,$2.99,FAIR BUCKET,$2.99,BEGINNER PACK,$0.99",English,78.9K Ratings,"
                    #45 in Arcade
                  ,
                    ,
                  ,Free,Offers In-App Purchases",4.5,Voodoo,Version 3.7
12+,Hungry Shark World,325.2 MB,Infrequent/Mild Horror/Fear Themes,"Can full of Gems,$4.99,Can full of Gold,$4.99,Bucket full of Gems,$9.99","English, French, German, Italian, Japanese, Korean, Portuguese, Russian, Simplified Chinese, Spanish, Traditional Chinese, Turkish",94.7K Ratings,"
                    #55 in Action
                  ,
                    ,
                  ,Free,Offers In-App Purchases",4.8,Ubisoft,Version 3.0.0
4+,Charades!™,62.5 MB,© 2018 FatChicken Studios,"Remove Ads,$0.99,500 Coins & Remove Ads,$3.99,500 Coins,$3.99",English,1.6K Ratings,"
                    #5 in Card
                  ,
                    ,
                  ,Free,Offers In-App Purchases",4.4,FatChicken Studios,Version 2.7.1
12+,Flip Diving,221.3 MB,Frequent/Intense Cartoon or Fantasy Violence,"Ticket Starter,$0.99,Ticket stack,$1.99,Super Ticket Stack,$4.99",English,8.1K Ratings,"
                    #23 in Sports
                  ,
                    ,
                  ,Free,Offers In-App Purchases",4.5,Miniclip.com,Version 2.9.0
4+,Dragon City Mobile,173.8 MB,© 2015 Socialpoint,"Pouch of Gems,$1.99,Sack of Gems,$4.99,Vessel of Gems,$9.99","English, French, German, Italian, Japanese, Korean, Portuguese, Russian, Simplified Chinese, Spanish, Traditional Chinese, Turkish",137.9K Ratings,"
                    #15 in Role Playing
                  ,
                    ,
                  ,Free,Offers In-App Purchases",4.8,Social Point,Version 8.4
4+,Checkers ・,89.5 MB,© 2018 Optime Software LLC,,English,7.5K Ratings,"
                    #94 in Board
                  ,
                    ,
                  ,Free",4.2,Optime Software LLC,Version 2.66
4+,Angry Birds Go!,479.8 MB,© Rovio Entertainment Ltd,"Jenga Game,$1.99,Pile of gems,$4.99,Handful of gems,$2.99","French, German, Italian, Japanese, Korean, Portuguese, Russian, Simplified Chinese, Spanish, Traditional Chinese",2.8K Ratings,"
                    #36 in Racing
                  ,
                    ,
                  ,Free,Offers In-App Purchases",3.8,Rovio Entertainment Oyj,Version 2.8.3
4+,Fruit Ninja Classic,108.8 MB,© 2011 Halfbrick Studios,"Starfruit Pack 1,$1.99,Starfruit Pack 2,$4.99,Starfruit Pack 3,$9.99","English, Arabic, French, German, Indonesian, Italian, Japanese, Korean, Polish, Portuguese, Russian, Simplified Chinese, Spanish, Thai, Traditional Chinese, Turkish",743 Ratings,"
                    #28 in Arcade
                  ,
                    ,
                  ,$1.99,Offers In-App Purchases",4.2,Halfbrick Studios,Version 2.4.1
4+,Six!,127.9 MB,© Gram Games 2016,"Remove Ads,$3.99",English,2.3K Ratings,"
                    #129 in Puzzle
                  ,
                    ,
                  ,Free,Offers In-App Purchases",4.1,Gram Games,Version 3.0.0
4+,Farm Heroes Saga,209.5 MB,© King.com Limited 2011-2016. All rights reserved.,"XS Gold Bars package,$0.99,S Gold Bars package,$4.99,M Gold Bars package,$9.99","English, Danish, Dutch, Finnish, French, German, Italian, Japanese, Korean, Norwegian, Portuguese, Spanish, Swedish, Turkish",2.3K Ratings,"
                    #107 in Puzzle
                  ,
                    ,
                  ,Free,Offers In-App Purchases",4.1,King,Version 5.1.8
12+,Choices: Stories You Play,132.5 MB,"Infrequent/Mild Alcohol, Tobacco, or Drug Use or References","Box of Diamonds,$1.99,Bag of Diamonds,$4.99,Pile of Keys,$1.99",English,23.7K Ratings,"
                    #3 in Role Playing
                  ,
                    ,
                  ,Free,Offers In-App Purchases",3.8,Pixelberry Studios,Version 2.3.5
4+,Tic Tac Toe ∙,56.3 MB,© 2018 Optime Software LLC,,English,5.4K Ratings,"
                    #63 in Board
                  ,
                    ,
                  ,Free",4,Optime Software LLC,Version 2.65
4+,Word Link - Word Puzzle Game,138 MB,© Worzzle Team,"240 Diamonds,$0.99,Diamond Pack Special Offer,$0.99,720 Diamonds,$2.99",English,136.1K Ratings,"
                    #1 in Word
                  ,
                    ,
                  ,Free,Offers In-App Purchases",4.6,ZHOU JIAPING,Version 2.2.8
12+,Love Balls,220.4 MB,Infrequent/Mild Mature/Suggestive Themes,"No Ads!,$3.99,3 Hints,$0.99,17 Hints,$4.99","English, Simplified Chinese",376.2K Ratings,"
                    #3 in Board
                  ,
                    ,
                  ,Free,Offers In-App Purchases",4.6,Super Tapx,Version 1.2.7
9+,Smashy Road: Wanted,166.8 MB,Infrequent/Mild Profanity or Crude Humor,"tank destroyer,$3.99,the flipper,$3.99,moneyman,$3.99",English,4.8K Ratings,"
                    #22 in Racing
                  ,
                    ,
                  ,Free,Offers In-App Purchases",4.2,Bearbit Studios B.V.,Version 1.2.4
9+,UNO ™ & Friends,131.5 MB,Infrequent/Mild Profanity or Crude Humor,"Tokens Pack 1,$1.99,Nice Tokens Pack 2,$2.99,Pack of Scratches,$1.99","English, Arabic, French, German, Indonesian, Italian, Japanese, Korean, Portuguese, Russian, Simplified Chinese, Spanish, Traditional Chinese, Turkish",7.1K Ratings,"
                    #2 in Card
                  ,
                    ,
                  ,Free,Offers In-App Purchases",3.6,Gameloft,Version 3.3.4
4+,Jigsaw Puzzle,138 MB,© 2017 MobilityWare,"Premium Upgrade,$3.99,World of Color II,$4.99,Beautiful Nature Series Upgrade Bundle,$4.99","English, Arabic, Bengali, Bulgarian, Catalan, Chinese, Croatian, Czech, Danish, Dutch, Finnish, French, German, Greek, Gujarati, Hebrew, Hindi, Hungarian, Indonesian, Italian, Japanese, Kannada, Korean, Latvian, Malay, Malayalam, Marathi, Norwegian Bokmål, Persian, Polish, Portuguese, Punjabi, Romanian, Russian, Simplified Chinese, Slovak, Slovenian, Spanish, Swedish, Tamil, Telugu, Thai, Traditional Chinese, Turkish, Ukrainian, Vietnamese",122.8K Ratings,"
                    #14 in Board
                  ,
                    ,
                  ,Free,Offers In-App Purchases",4.7,"Critical Hit Software, LLC",Version 3.14.7
12+,Injustice: Gods Among Us,2 GB,Infrequent/Mild Realistic Violence,"Catwoman's Diamond Stash,$9.99,Deathstroke's Blood Money,$4.99,Bruce Wayne's Trust Fund,$19.99","English, Chinese, French, German, Italian, Japanese, Korean, Polish, Portuguese, Russian, Simplified Chinese, Spanish, Traditional Chinese",48.7K Ratings,"
                    #46 in Card
                  ,
                    ,
                  ,Free,Offers In-App Purchases",4.8,Warner Bros.,Version 1.21
12+,Zynga Poker - Texas Holdem,190.9 MB,Frequent/Intense Simulated Gambling,"Medium Case,$19.99,Starter Stack,$0.99,Big Stack,$4.99","English, French, German, Indonesian, Italian, Japanese, Korean, Portuguese, Simplified Chinese, Spanish, Traditional Chinese, Turkish",15.2K Ratings,"
                    #23 in Casino
                  ,
                    ,
                  ,Free,Offers In-App Purchases",4.5,Zynga Inc.,Version 21.53
17+,Happy Wheels,54.8 MB,Frequent/Intense Profanity or Crude Humor,"Remove Ads,$1.99",English,12.4K Ratings,"
                    #21 in Racing
                  ,
                    ,
                  ,Free,Offers In-App Purchases",4.4,Jim Bonacci,Version 1.1.3
4+,Word Cookies!™,155.2 MB,© 2016 BitMango All right reserved,"240 coins,$0.99,1340 coins,$4.99,720 coins,$2.99",English,57.8K Ratings,"
                    #16 in Word
                  ,
                    ,
                  ,Free,Offers In-App Purchases",4.6,BitMango,Version 3.0.2
4+,aa,14 MB,© 2018 General Adaptive Apps Pty Ltd,"Skip Level,$0.99,Remove Ads,$1.99,Unlock All Levels,$3.99",English,3.3K Ratings,"
                    #63 in Strategy
                  ,
                    ,
                  ,Free,Offers In-App Purchases",3.8,General Adaptive Apps Pty Ltd,Version 2.0.2
4+,SimCity BuildIt,132.6 MB,"SimCity BuildiIt © 2017 Electronic Arts Inc. EA, the EA Logo and SimCity are trademarks of Electronic Arts Inc.  All other trademarks are the property of their respective owners.","Pocketful of SimCash,$4.99,Little Stack of SimCash,$9.99,Nice Pile of SimCash,$19.99","English, Dutch, Finnish, French, German, Indonesian, Italian, Japanese, Korean, Polish, Portuguese, Russian, Simplified Chinese, Spanish, Traditional Chinese, Turkish",16.8K Ratings,"
                    #30 in Strategy
                  ,
                    ,
                  ,Free,Offers In-App Purchases",4.2,Electronic Arts,Version 1.23.2
12+,QuizUp™,167.9 MB,"Infrequent/Mild Alcohol, Tobacco, or Drug Use or References","Remove Ads,$2.99,80 Gems,$0.99,1000 Gems,$9.99","English, French, German, Portuguese, Spanish",3K Ratings,"
                    #29 in Trivia
                  ,
                    ,
                  ,Free,Offers In-App Purchases",3.4,Glu Games Inc,Version 3.9.9
17+,Sniper Shooter: Gun Shooting,126.4 MB,Infrequent/Mild Cartoon or Fantasy Violence,"Continue,$0.99,Sniper Shooter VIP,$7.99,Shotgun Sniper Gift Card,$1.99",English,56.9K Ratings,"
                    #20 in Role Playing
                  ,
                    ,
                  ,Free,Offers In-App Purchases",4.9,Fun Games For Free,Version 5.0.13
4+,1010!,162.5 MB,© Gram Games 2017,"Remove Ads,$1.99,Life Refill,$0.99",English,4.9K Ratings,"
                    #39 in Board
                  ,
                    ,
                  ,Free,Offers In-App Purchases",3.8,Gram Games,Version 65
12+,Pixel Gun 3D: Battle Royale,2.6 GB,Frequent/Intense Cartoon or Fantasy Violence,"Small Stack of Coins,$0.99,Medium Stack of Coins,$2.99,Big Stack of Coins,$4.99",English,332.2K Ratings,"
                    #18 in Simulation
                  ,
                    ,
                  ,Free,Offers In-App Purchases",4.8,Cubic Games,Version 15.1.2
9+,Castle Clash: War Empire,515.5 MB,Infrequent/Mild Cartoon or Fantasy Violence,"230 gems,$1.99,1,400 gems,$9.99,3,000 gems,$19.99","English, French, German, Italian, Japanese, Korean, Portuguese, Russian, Spanish, Thai, Turkish",7.8K Ratings,"
                    #62 in Strategy
                  ,
                    ,
                  ,Free,Offers In-App Purchases",3.9,IGG.COM,Version 1.9.7
9+,Boom Beach,168.8 MB,Infrequent/Mild Cartoon or Fantasy Violence,"Pile of Diamonds,$4.99,Pouch of Diamonds,$9.99,Bag of Diamonds,$19.99","English, Arabic, Dutch, French, German, Indonesian, Italian, Japanese, Korean, Malay, Norwegian Bokmål, Portuguese, Russian, Simplified Chinese, Spanish, Traditional Chinese, Turkish, Vietnamese",95.1K Ratings,"
                    #70 in Strategy
                  ,
                    ,
                  ,Free,Offers In-App Purchases",4.7,Supercell,Version 35.119
4+,Block! Hexa Puzzle™,148.3 MB,© 2016 BitMango All right reserved,"10 Hints,$0.99,55 Hints,$4.99,110 Hints,$8.99",English,9.9K Ratings,"
                    #23 in Board
                  ,
                    ,
                  ,Free,Offers In-App Purchases",4.5,BitMango,Version 1.5.10
12+,MARVEL Contest of Champions,192.5 MB,Infrequent/Mild Profanity or Crude Humor,"PETER PARKER'S WALLET,$4.99,STAR-LORD'S LOOT BAG,$9.99,TONY STARK'S BRIEFCASE,$29.99","English, Arabic, Dutch, French, German, Indonesian, Italian, Japanese, Korean, Norwegian Bokmål, Portuguese, Russian, Simplified Chinese, Spanish, Thai, Traditional Chinese, Turkish",127.5K Ratings,"
                    #14 in Adventure
                  ,
                    ,
                  ,Free,Offers In-App Purchases",4.6,Kabam,Version 19.1.0
4+,NBA LIVE Mobile Basketball,143.3 MB,© Electronic Arts. All Right Reserved,"500 NBA Cash,$4.99,1,050 NBA Cash,$9.99,200 NBA Cash,$1.99","English, Dutch, French, German, Italian, Korean, Portuguese, Russian, Spanish, Turkish",173.5K Ratings,"
                    #15 in Sports
                  ,
                    ,
                  ,Free,Offers In-App Purchases",4.6,Electronic Arts,Version 2.3.1
4+,▻Sudoku,76.5 MB,© Finger Arts,,"English, French, German, Italian, Japanese, Simplified Chinese, Spanish",184.5K Ratings,"
                    #65 in Board
                  ,
                    ,
                  ,Free",4.8,Finger Arts,Version 6.7
9+,Agar.io,73.6 MB,Infrequent/Mild Profanity or Crude Humor,"Stack of Coins,$1.99,Pile of Coins,$4.99,Starter Pack,$1.99","English, French, German, Italian, Japanese, Portuguese, Russian, Spanish, Turkish",3.6K Ratings,"
                    #19 in Strategy
                  ,
                    ,
                  ,Free,Offers In-App Purchases",4.6,Miniclip.com,Version 2.2.8
12+,Dumb Ways to Die 2: The Games,745.1 MB,Frequent/Intense Cartoon or Fantasy Violence,"Kids’ Mode,$2.99,Remove Ads,$0.99,Pile O’ Tokens,$0.99",English,1.6K Ratings,"
                    #30 in Sports
                  ,
                    ,
                  ,Free,Offers In-App Purchases",4.1,Metro Trains Melbourne Pty Ltd,Version 1.99
17+,PUBG MOBILE,2.2 GB,Frequent/Intense Realistic Violence,"180  Unknown Cash,$2.99,600  Unknown Cash,$9.99,60 Unknown Cash,$0.99",English,132.9K Ratings,"
                    #1 in Strategy
                  ,
                    ,
                  ,Free,Offers In-App Purchases",4.5,Tencent Mobile International Limited,Version 0.7.0
4+,CSR Racing 2,2.6 GB,© (2015-2017) NaturalMotion Games Ltd,"Super Nitrous,$2.99,Set of Gold Keys,$9.99,Set of Silver Keys,$2.99","English, Arabic, French, German, Italian, Japanese, Korean, Portuguese, Russian, Simplified Chinese, Spanish, Traditional Chinese",195.5K Ratings,"
                    #5 in Racing
                  ,
                    ,
                  ,Free,Offers In-App Purchases",4.7,NaturalMotion,Version 1.21.0
4+,Two Dots,325.3 MB,© Playdots Inc.,"Power Up + 5 Moves,$0.99,Lives Refill,$0.99,Power Up: 5 Moves +1 Bomb,$0.99",English,21.5K Ratings,"
                    #29 in Board
                  ,
                    ,
                  ,Free,Offers In-App Purchases",4.6,"Playdots, Inc.",Version 3.30.8
9+,Minecraft,216.8 MB,Infrequent/Mild Cartoon or Fantasy Violence,"Minecraft Store Item 6,$5.99,Minecraft Store Item 2,$1.99,City Texture Pack,$2.99","English, French, German, Italian, Japanese, Korean, Portuguese, Russian, Simplified Chinese, Spanish, Traditional Chinese",87.2K Ratings,"
                    #1 in Adventure
                  ,
                    ,
                  ,$6.99,Offers In-App Purchases",4.3,Mojang,Version 1.5.2
12+,Criminal Case,132.4 MB,Infrequent/Mild Mature/Suggestive Themes,"Instant Access,$0.99,Instant Analysis,$0.99,Instant Analysis,$1.99","English, French, German, Indonesian, Italian, Japanese, Korean, Portuguese, Russian, Spanish, Traditional Chinese, Turkish",12.6K Ratings,"
                    #30 in Adventure
                  ,
                    ,
                  ,Free,Offers In-App Purchases",4.6,Pretty Simple,Version 1.24
4+,Can You Escape,64.3 MB,© MobiGrow,"Bonus Level Pack 1,$0.99,Remove Ads,$0.99,Walkthroughs,$0.99","English, Czech, Dutch, French, German, Italian, Japanese, Korean, Polish, Portuguese, Russian, Simplified Chinese, Spanish, Swedish, Traditional Chinese, Turkish",9.1K Ratings,"
                    #83 in Adventure
                  ,
                    ,
                  ,Free,Offers In-App Purchases",4.4,Kaarel Kirsipuu,Version 2.0
12+,Hole.io,359.9 MB,Infrequent/Mild Medical/Treatment Information,"No Ads,$2.99","English, French, German, Italian, Japanese, Portuguese, Russian, Simplified Chinese, Spanish",386K Ratings,"
                    #1 in Sports
                  ,
                    ,
                  ,Free,Offers In-App Purchases",4.5,Voodoo,Version 1.3.2
4+,Piano Tiles ™,21.4 MB,© 2014 HU WEN ZENG,"5,000 tiles,$0.99,Remove Ad Forever,$0.99,50,000 tiles,$4.99","English, Dutch, French, German, Italian, Japanese, Korean, Russian, Simplified Chinese, Spanish, Thai, Traditional Chinese, Turkish",3.7K Ratings,"
                    #15 in Music
                  ,
                    ,
                  ,Free,Offers In-App Purchases",4.3,Cheetah Technology Corporation Limited,Version 4.2.0
12+,4 Pics 1 Word,147.2 MB,Infrequent/Mild Profanity or Crude Humor,"Bag of Coins 1,$0.99,Bag of Coins 2,$1.99,Bag of Coins 3,$4.99",English,13.4K Ratings,"
                    #30 in Trivia
                  ,
                    ,
                  ,Free,Offers In-App Purchases",4.7,LOTUM GmbH,Version 8.7.1
9+,Hello Neighbor,1.2 GB,Infrequent/Mild Horror/Fear Themes,"Full Hello Neighbor Game,$14.99",English,24.5K Ratings,"
                    #2 in Adventure
                  ,
                    ,
                  ,Free,Offers In-App Purchases",3.8,tinyBuild LLC,Version 1.03
12+,The Simpsons™: Tapped Out,90 MB,Infrequent/Mild Profanity or Crude Humor,"Golden Scratch-R,$0.99,Truckload of 300 Donuts,$19.99,Tray of 132 Donuts,$9.99","English, Danish, Dutch, French, German, Italian, Korean, Norwegian, Norwegian Bokmål, Norwegian Nynorsk, Portuguese, Russian, Simplified Chinese, Spanish, Swedish, Thai, Traditional Chinese, Turkish",39.6K Ratings,"
                    #34 in Adventure
                  ,
                    ,
                  ,Free,Offers In-App Purchases",4.7,Electronic Arts,Version 4.34.0
4+,Panda Pop - Bubble Shooter,366.6 MB,© Jam City,"XS coin pack,$0.99,S coin pack,$2.99,L coin pack,$9.99","English, Arabic, Danish, French, German, Italian, Japanese, Korean, Norwegian, Portuguese, Russian, Simplified Chinese, Spanish, Swedish, Traditional Chinese, Turkish",360.1K Ratings,"
                    #26 in Puzzle
                  ,
                    ,
                  ,Free,Offers In-App Purchases",4.6,"Jam City, Inc.",Version 6.9.100
4+,Where's My Water? Lite,84.3 MB,© 2011 Disney,,"English, Dutch, French, German, Italian, Japanese, Korean, Russian, Simplified Chinese, Spanish, Traditional Chinese",583 Ratings,"
                    #75 in Family
                  ,
                    ,
                  ,Free",3.9,Disney,Version 1.10.0
4+,Toy Blast,335.3 MB,© 2015 Peak Games,"25 Coins,$0.99,140 Coins,$4.99,Tiny Coin Pack,$1.99","English, French, German, Italian, Japanese, Portuguese, Spanish, Turkish",255.9K Ratings,"
                    #27 in Puzzle
                  ,
                    ,
                  ,Free,Offers In-App Purchases",4.7,Peak Games,Version 5423
4+,Rise Up,207.1 MB,© Serkan Ozyilmaz,"No Ads,$2.99,Removes Ads,$2.99",English,515.7K Ratings,"
                    #3 in Adventure
                  ,
                    ,
                  ,Free,Offers In-App Purchases",4.3,Serkan Ozyilmaz,Version 1.6
12+,Bowmasters - Multiplayer Game,316.9 MB,Infrequent/Mild Profanity or Crude Humor,"Diamond Membership (weekly),$7.99,Starter Pack,$0.99,Starter Pack,$1.99","English, Chinese, Simplified Chinese, Traditional Chinese",835K Ratings,"
                    #13 in Action
                  ,
                    ,
                  ,Free,Offers In-App Purchases",4.6,Playgendary,Version 2.13.3
4+,Smash Hit,94.9 MB,© Mediocre AB,"Premium,$1.99","English, French, German, Italian, Japanese, Korean, Russian, Simplified Chinese, Spanish",40.1K Ratings,"
                    #89 in Action
                  ,
                    ,
                  ,Free,Offers In-App Purchases",4.6,Mediocre AB,Version 1.4.2
4+,Geometry Dash Lite,72.5 MB,© 2014 RobTop Games AB,,English,10.4K Ratings,"
                    #7 in Music
                  ,
                    ,
                  ,Free",4.4,RobTop Games AB,Version 2.2
12+,Helix Jump,121.8 MB,Infrequent/Mild Cartoon or Fantasy Violence,"No ads,$2.99","English, French, German, Italian, Japanese, Portuguese, Russian, Simplified Chinese, Spanish",641.9K Ratings,"
                    #4 in Action
                  ,
                    ,
                  ,Free,Offers In-App Purchases",4.6,Voodoo,Version 1.1.3
17+,Deer Hunter Classic,275.7 MB,Frequent/Intense Realistic Violence,"Pocket Change Gold Pack,$4.99,Pay Day Gold Pack,$19.99,Spending Money Gold Pack,$9.99","English, Chinese, French, German, Italian, Japanese, Korean, Portuguese, Russian, Simplified Chinese, Spanish, Traditional Chinese",2.2K Ratings,"
                    ,
                  ,Free,Offers In-App Purchases",4.2,Glu Games Inc,Version 3.9.9
4+,Paper Toss,204 MB,© 2018 Backflip Studios LLC,"Remove Ads,$0.99","English, French, German, Italian, Japanese, Korean, Portuguese, Russian, Simplified Chinese, Spanish, Traditional Chinese",6K Ratings,"
                    #192 in Simulation
                  ,
                    ,
                  ,Free,Offers In-App Purchases",4.5,Backflip Studios,Version 2.1.1
12+,Hungry Shark Evolution,436.8 MB,Infrequent/Mild Realistic Violence,"20 Gems,$1.99,60 Gems,$4.99,2000 Coins,$1.99","English, Chinese, French, German, Italian, Kanuri, Portuguese, Russian, Spanish, Turkish",13.2K Ratings,"
                    #38 in Action
                  ,
                    ,
                  ,Free,Offers In-App Purchases",4.6,Ubisoft,Version 6.0.0
4+,Racing Penguin: Slide and Fly!,88.9 MB,© Top Free Games,"Super Penguin,$11.99,3 Super Fishes,$1.99,Fun Mode,$19.99",English,4.3K Ratings,"
                    #182 in Action
                  ,
                    ,
                  ,Free,Offers In-App Purchases",4.2,Top Free Games,Version 5.8.19
12+,Asphalt 8: Airborne,2.1 GB,Frequent/Intense Cartoon or Fantasy Violence,"Rookie Credit Pack,$1.99,Driver Credit Pack,$4.99,Pilot Credit Pack,$9.99","English, Afrikaans, Arabic, Bengali, Chinese, Croatian, Czech, Danish, Dutch, Filipino, Finnish, French, German, Greek, Gujarati, Hebrew, Hindi, Hungarian, Indonesian, Italian, Japanese, Kannada, Korean, Malay, Malayalam, Marathi, Norwegian Bokmål, Polish, Portuguese, Punjabi, Russian, Simplified Chinese, Slovak, Spanish, Swedish, Tamil, Telugu, Thai, Traditional Chinese, Turkish, Vietnamese",75.3K Ratings,"
                    #16 in Racing
                  ,
                    ,
                  ,Free,Offers In-App Purchases",4.7,Gameloft,Version 3.7.0
4+,Hello Stars,188.3 MB,© Fastone Games,"1800 Coins,$0.99,Superior Bundle,$4.99,10,000 Coins,$4.99",English,53K Ratings,"
                    #1 in Board
                  ,
                    ,
                  ,Free,Offers In-App Purchases",4.6,Fastone Games,Version 1.8.3
4+,My Talking Tom,327.5 MB,© Outfit7 Limited,"Stack of Gold Coins,$1.99,Pouch of Gold Coins,$4.99,Chest of Gold Coins (-70%),$5.99","English, Arabic, French, German, Italian, Japanese, Korean, Portuguese, Russian, Simplified Chinese, Spanish, Traditional Chinese, Turkish",93.5K Ratings,"
                    #12 in Role Playing
                  ,
                    ,
                  ,Free,Offers In-App Purchases",4.5,Outfit7 Limited,Version 4.8
12+,2048,21.9 MB,Infrequent/Mild Sexual Content and Nudity,"Remove ads,$2.99","English, French, Japanese, Portuguese, Russian, Simplified Chinese, Spanish",8.6K Ratings,"
                    #24 in Board
                  ,
                    ,
                  ,Free,Offers In-App Purchases",4.2,Ketchapp,Version 2.3
4+,Real Racing 3,1.1 GB,Real Racing 3 © 2016 Electronic Arts Inc. All rights reserved.,"Handful of Gold,$1.99,Stack of Gold,$19.99,Pile of Gold,$9.99","English, Dutch, French, German, Italian, Japanese, Korean, Portuguese, Russian, Simplified Chinese, Spanish, Traditional Chinese",123.6K Ratings,"
                    #13 in Racing
                  ,
                    ,
                  ,Free,Offers In-App Purchases",4.8,Electronic Arts,Version 6.4.2
12+,Dumb Ways to Die,414.3 MB,Frequent/Intense Cartoon or Fantasy Violence,"Remove Ads,$1.99,Coin Doubler,$1.99,Dumb Amount of Coins,$1.99",English,6.2K Ratings,"
                    #58 in Action
                  ,
                    ,
                  ,Free,Offers In-App Purchases",4.3,Metro Trains Melbourne Pty Ltd,Version 2.9.2
4+,Stack,115.2 MB,© Ketchapp,"Remove Ads,$2.99",English,40.2K Ratings,"
                    #88 in Action
                  ,
                    ,
                  ,Free,Offers In-App Purchases",4.4,Ketchapp,Version 2.1.1
9+,Plants vs. Zombies™ 2,107.4 MB,Infrequent/Mild Horror/Fear Themes,"Coin Pack 10000,$4.99,Coin Pack 5000,$2.99,Coin Pack 20000,$9.99","English, French, German, Italian, Portuguese, Spanish",107.3K Ratings,"
                    #5 in Strategy
                  ,
                    ,
                  ,Free,Offers In-App Purchases",4.8,PopCap,Version 6.8.1
4+,Unblock Me,73.7 MB,"© 2009-2018 Kiragames Co., Ltd.","99 Hints Pack,$0.99,30 Classic Unblock Me Hints,$0.99,Remove Ads,$0.99","English, Filipino, French, German, Indonesian, Italian, Japanese, Korean, Malay, Portuguese, Russian, Simplified Chinese, Spanish, Thai, Traditional Chinese, Turkish",11.5K Ratings,"
                    #49 in Board
                  ,
                    ,
                  ,Free,Offers In-App Purchases",4.9,"Kiragames Co., Ltd.",Version 1.6.06
4+,Hay Day,136.9 MB,© 2012-2017 Supercell,"Pile of Diamonds,$1.99,Bag of Diamonds,$4.99,Sack of Diamonds,$9.99","English, Arabic, Danish, Dutch, Finnish, French, German, Indonesian, Italian, Japanese, Korean, Malay, Norwegian Bokmål, Portuguese, Russian, Simplified Chinese, Spanish, Swedish, Thai, Traditional Chinese, Turkish, Vietnamese",104.3K Ratings,"
                    #17 in Family
                  ,
                    ,
                  ,Free,Offers In-App Purchases",4.6,Supercell,Version 1.39.93
4+,MADDEN NFL Football,109.2 MB,© 2017 Electronic Arts Inc. All Rights Reserved.,"500 Madden Cash,$4.99,1,050 Madden Cash,$9.99,2,200 Madden Cash,$19.99",English,278.5K Ratings,"
                    #13 in Sports
                  ,
                    ,
                  ,Free,Offers In-App Purchases",4.7,Electronic Arts,Version 4.3.6
4+,CSR Racing,505.2 MB,© (2012-2017) NaturalMotion Games Ltd,"HIGH ROLLER,$4.99,A FEW CHIPS ,$2.99,EXECUTIVE CASE,$9.99","English, French, German, Italian, Japanese, Korean, Portuguese, Russian, Simplified Chinese, Spanish",27.2K Ratings,"
                    #44 in Racing
                  ,
                    ,
                  ,Free,Offers In-App Purchases",4.7,NaturalMotion,Version 5.0.0
12+,Snake VS Block,101 MB,Infrequent/Mild Realistic Violence,"Remove Ads,$2.99",English,259.8K Ratings,"
                    #11 in Action
                  ,
                    ,
                  ,Free,Offers In-App Purchases",4.5,Voodoo,Version 1.24
4+,Bejeweled Blitz,139.4 MB,©2013 Electronic Arts Inc. Bejeweled and PopCap are trademarks of Electronic Arts Inc. All rights reserved.,"Package of 5 Extra Spins,$0.99,Package of 100,000 Coins,$1.99,Package of 270,000 Coins,$4.99",English,5.2K Ratings,"
                    #183 in Puzzle
                  ,
                    ,
                  ,Free,Offers In-App Purchases",3.2,PopCap,Version 2.6.0
17+,Sniper 3D Assassin: FPS Battle,238.8 MB,Frequent/Intense Realistic Violence,"Premium,$4.99,Pocket of Diamonds,$4.99,Pocket of Coins,$4.99","English, French, German, Italian, Japanese, Korean, Portuguese, Russian, Spanish",986.4K Ratings,"
                    #16 in Action
                  ,
                    ,
                  ,Free,Offers In-App Purchases",4.9,Fun Games For Free,Version 2.16.5
9+,Hill Climb Racing,129.1 MB,Infrequent/Mild Cartoon or Fantasy Violence,"150 000 coins & ad-free,$1.99,2 000 000 coins & ad-free ,$9.99,750 000 coins & ad-free,$4.99",English,3.5K Ratings,"
                    #20 in Racing
                  ,
                    ,
                  ,Free,Offers In-App Purchases",4.4,Fingersoft,Version 1.37.1
4+,Words With Friends – Word Game,184.3 MB,© 2018 Zynga Inc.,"Pack of Coins,$0.99,Handful of Coins,$4.99,Stack of Coins,$9.99","English, French, German, Italian, Portuguese, Spanish",4.6K Ratings,"
                    #29 in Word
                  ,
                    ,
                  ,Free,Offers In-App Purchases",3.8,Zynga Inc.,Version 10.68.1
4+,Bike Race: Motorcycle Racing,125.7 MB,© Top Free Games,"Bike Race Plus,$7.99,Ghost bike,$7.99,Ninja Bike,$2.99","English, Arabic, French, German, Italian, Japanese, Korean, Portuguese, Russian, Simplified Chinese, Spanish, Traditional Chinese, Turkish",177.1K Ratings,"
                    #4 in Racing
                  ,
                    ,
                  ,Free,Offers In-App Purchases",4.9,Top Free Games,Version 7.18.1
4+,Words With Friends Classic,216.4 MB,© 2017 Zynga Inc.,"Vision (x10),$0.99,Word-O-Meter,$2.99,Tile Pile,$0.99","English, French, German, Italian, Portuguese, Spanish",15K Ratings,"
                    #33 in Word
                  ,
                    ,
                  ,Free,Offers In-App Purchases",4.5,Zynga Inc.,Version 11.0.2
4+,Draw Something Classic,101 MB,"© 2012 OMGPOP, Inc.","400 coins,$1.99,1,200 coins,$4.99,3,000 coins,$9.99",English,32.1K Ratings,"
                    #22 in Word
                  ,
                    ,
                  ,Free,Offers In-App Purchases",4.6,OMGPOP,Version 3.1.30
9+,Minion Rush,214.1 MB,Infrequent/Mild Profanity or Crude Humor,"Stack of Tokens,$1.99,Pile of Tokens Game Pack,$4.99,Crate of Tokens Game Pack,$9.99","English, Arabic, Chinese, French, German, Indonesian, Italian, Japanese, Korean, Portuguese, Russian, Simplified Chinese, Spanish, Thai, Traditional Chinese, Turkish",72.3K Ratings,"
                    #7 in Family
                  ,
                    ,
                  ,Free,Offers In-App Purchases",4.6,Gameloft,Version 5.6.1
4+,Fruit Ninja®,217.3 MB,© 2011 Halfbrick Studios,"Starfruit Pack 1,$1.99,Bucket of Starfruit,$0.99,Starter Pack,$0.99","English, Arabic, French, German, Indonesian, Italian, Japanese, Korean, Polish, Portuguese, Russian, Simplified Chinese, Spanish, Thai, Traditional Chinese, Turkish",4.2K Ratings,"
                    #45 in Action
                  ,
                    ,
                  ,Free,Offers In-App Purchases",4.1,Halfbrick Studios,Version 2.6.7
4+,Flow Free,26.2 MB,© 2018 Big Duck Games LLC,"20 Hints,$2.99,5 Hints,$0.99,Unlock All Packs and Remove Ads,$3.99","English, French, German, Italian, Japanese, Korean, Portuguese, Russian, Simplified Chinese, Spanish, Traditional Chinese",10.3K Ratings,"
                    #18 in Board
                  ,
                    ,
                  ,Free,Offers In-App Purchases",4.6,Big Duck Games LLC,Version 3.3
4+,Solitaire,116.3 MB,© 2017 MobilityWare,,"English, French, German, Italian, Japanese, Korean, Portuguese, Russian, Simplified Chinese, Spanish, Traditional Chinese",64.6K Ratings,"
                    #13 in Casino
                  ,
                    ,
                  ,Free",4.5,MobilityWare,Version 5.2.0
4+,Trivia Crack,323.6 MB,© Etermax S.A.,"Full recharge,$0.99,12000 coins pack,$9.99,5500 coins pack,$4.99","English, Arabic, Basque, Catalan, Danish, Dutch, Finnish, French, German, Greek, Hebrew, Hindi, Icelandic, Indonesian, Italian, Japanese, Korean, Norwegian Bokmål, Polish, Portuguese, Romanian, Russian, Simplified Chinese, Spanish, Swedish, Traditional Chinese, Turkish, Vietnamese",211.6K Ratings,"
                    #2 in Trivia
                  ,
                    ,
                  ,Free,Offers In-App Purchases",4.5,Etermax,Version 2.78.0
4+,slither.io,33.8 MB,© 2017 Lowtech Studios LLC,"Remove Ads,$3.99",English,27.5K Ratings,"
                    #9 in Simulation
                  ,
                    ,
                  ,Free,Offers In-App Purchases",4,Lowtech Studios LLC,Version 1.5.0
4+,Super Mario Run,227.5 MB,"© 2016 Nintendo Co., Ltd.","All 6 Worlds,$9.99","English, Dutch, French, German, Italian, Japanese, Korean, Portuguese, Russian, Spanish, Traditional Chinese",19.5K Ratings,"
                    #24 in Action
                  ,
                    ,
                  ,Free,Offers In-App Purchases",3.9,"Nintendo Co., Ltd.",Version 3.0.11
4+,8 Ball Pool™,136.5 MB,© Miniclip Games,"Stack of Coins,$1.99,Golden Spin,$0.99,Pile of Coins,$4.99","English, French, German, Italian, Japanese, Korean, Portuguese, Russian, Spanish, Turkish",176.1K Ratings,"
                    #2 in Simulation
                  ,
                    ,
                  ,Free,Offers In-App Purchases",4.6,Miniclip.com,Version 4.0.1
9+,Temple Run 2,148.5 MB,Infrequent/Mild Cartoon or Fantasy Violence,"Handful of Gems,$0.99,Usain Bolt,$0.99,Handful of Coins,$0.99",English,118.1K Ratings,"
                    #6 in Adventure
                  ,
                    ,
                  ,Free,Offers In-App Purchases",4.6,"Imangi Studios, LLC",Version 1.49.1
9+,Temple Run,125 MB,Infrequent/Mild Cartoon or Fantasy Violence,"2,500 Coin Pack,$0.99,25,000 Coin Pack,$4.99,75,000 Coin Pack,$9.99",English,35.7K Ratings,"
                    #36 in Action
                  ,
                    ,
                  ,Free,Offers In-App Purchases",4.4,"Imangi Studios, LLC",Version 1.9.1
9+,Subway Surfers,183.9 MB,Infrequent/Mild Cartoon or Fantasy Violence,"7,500 Coins,$0.99,25 Keys,$4.99,45,000 Coins,$4.99","English, Portuguese, Spanish",74.5K Ratings,"
                    #12 in Action
                  ,
                    ,
                  ,Free,Offers In-App Purchases",4.5,Kiloo,Version 1.90.0
4+,Candy Crush Saga,215.2 MB,© King.com Limited 2011-2016. All rights reserved.,"Extra Moves,$0.99,Extra Lives,$0.99,10x Gold Bars package,$0.99","English, Croatian, Czech, Danish, Dutch, Finnish, French, German, Hungarian, Italian, Japanese, Korean, Norwegian Bokmål, Polish, Portuguese, Romanian, Russian, Slovak, Spanish, Swedish, Turkish",398.4K Ratings,"
                    #16 in Puzzle
                  ,
                    ,
                  ,Free,Offers In-App Purchases",4.6,King,Version 1.129.0
9+,Clash of Clans,133.3 MB,Infrequent/Mild Cartoon or Fantasy Violence,"Pile of Gems,$4.99,Bag of Gems,$9.99,Sack of Gems,$19.99","English, Arabic, Dutch, Finnish, French, German, Indonesian, Italian, Japanese, Korean, Malay, Norwegian Bokmål, Portuguese, Russian, Simplified Chinese, Spanish, Thai, Traditional Chinese, Turkish, Vietnamese",436.4K Ratings,"
                    #6 in Strategy
                  ,
                    ,
                  ,Free,Offers In-App Purchases",4.7,Supercell,Version 10.322.16
